game_id,home_team,away_team,commence_time,snapshot_time,bookmaker,home_spread,home_price,away_spread,away_price,total_point,over_price,under_price
20260910_NE_SEA,SEA,NE,2026-09-10T00:15:00Z,2026-09-01T02:53:50.624824+00:00,fanduel,-3.5,-112,3.5,-108,44.5,-110.0,-110.0
20260911_SF_LA,LA,SF,2026-09-11T00:35:00Z,2026-09-01T02:53:50.624824+00:00,fanduel,-3.5,-115,3.5,-105,48.5,-110.0,-110.0
20260913_ATL_PIT,PIT,ATL,2026-09-13T17:00:00Z,2026-09-01T02:53:50.624824+00:00,fanduel,-3.0,-115,3.0,-105,42.5,-108.0,-112.0
20260913_BAL_IND,IND,BAL,2026-09-13T17:00:00Z,2026-09-01T02:53:50.624824+00:00,fanduel,3.5,-112,-3.5,-108,47.5,-112.0,-108.0
20260913_BUF_HOU,HOU,BUF,2026-09-13T17:00:00Z,2026-09-01T02:53:50.624824+00:00,fanduel,1.5,-118,-1.5,-104,44.5,-112.0,-108.0
20260913_CHI_CAR,CAR,CHI,2026-09-13T17:00:00Z,2026-09-01T02:53:50.624824+00:00,fanduel,2.5,102,-2.5,-124,47.5,-110.0,-110.0
20260913_TB_CIN,CIN,TB,2026-09-13T17:00:00Z,2026-09-01T02:53:50.624824+00:00,fanduel,-3.5,-110,3.5,-110,51.5,-104.0,-118.0
20260913_CLE_JAX,JAX,CLE,2026-09-13T17:00:00Z,2026-09-01T02:53:50.624824+00:00,fanduel,-7.5,-115,7.5,-105,40.5,-110.0,-110.0
20260913_NO_DET,DET,NO,2026-09-13T17:00:00Z,2026-09-01T02:53:50.624824+00:00,fanduel,-6.5,-122,6.5,100,50.5,-105.0,-115.0
20260913_NYJ_TEN,TEN,NYJ,2026-09-13T17:00:00Z,2026-09-01T02:53:50.624824+00:00,fanduel,-2.5,-105,2.5,-115,39.5,-106.0,-114.0
20260913_ARI_LAC,LAC,ARI,2026-09-13T20:25:00Z,2026-09-01T02:53:50.624824+00:00,fanduel,-10.5,-102,10.5,-120,47.5,-106.0,-114.0
20260913_GB_MIN,MIN,GB,2026-09-13T20:25:00Z,2026-09-01T02:53:50.624824+00:00,fanduel,-1.5,-105,1.5,-115,45.5,-115.0,-105.0
20260913_MIA_LV,LV,MIA,2026-09-13T20:25:00Z,2026-09-01T02:53:50.624824+00:00,fanduel,-3.5,-110,3.5,-110,39.5,-120.0,-102.0
20260913_WAS_PHI,PHI,WAS,2026-09-13T20:25:00Z,2026-09-01T02:53:50.624824+00:00,fanduel,-5.5,-105,5.5,-115,45.5,-108.0,-112.0
20260914_DAL_NYG,NYG,DAL,2026-09-14T00:20:00Z,2026-09-01T02:53:50.624824+00:00,fanduel,2.5,-102,-2.5,-120,48.5,-110.0,-110.0
20260915_DEN_KC,KC,DEN,2026-09-15T00:15:00Z,2026-09-01T02:53:50.624824+00:00,fanduel,-2.5,-115,2.5,-105,43.5,-104.0,-118.0
20260918_DET_BUF,BUF,DET,2026-09-18T00:15:00Z,2026-09-01T02:53:50.624824+00:00,draftkings,-3.0,-110,3.0,-110,52.5,-110.0,-110.0
20260920_CAR_ATL,ATL,CAR,2026-09-20T17:00:00Z,2026-09-01T02:53:50.624824+00:00,draftkings,-1.5,-110,1.5,-110,43.5,-118.0,-102.0
20260920_NO_BAL,BAL,NO,2026-09-20T17:00:00Z,2026-09-01T02:53:50.624824+00:00,draftkings,-7.5,-110,7.5,-110,46.5,-110.0,-110.0
20260920_MIN_CHI,CHI,MIN,2026-09-20T17:00:00Z,2026-09-01T02:53:50.624824+00:00,draftkings,-3.5,-110,3.5,-110,45.5,-110.0,-110.0
20260920_CIN_HOU,HOU,CIN,2026-09-20T17:00:00Z,2026-09-01T02:53:50.624824+00:00,draftkings,-2.5,-110,2.5,-110,46.5,-110.0,-110.0
20260920_CLE_TB,TB,CLE,2026-09-20T17:00:00Z,2026-09-01T02:53:50.624824+00:00,draftkings,-5.5,-110,5.5,-110,42.5,-110.0,-110.0
20260920_GB_NYJ,NYJ,GB,2026-09-20T17:00:00Z,2026-09-01T02:53:50.624824+00:00,draftkings,5.5,-110,-5.5,-110,42.5,-110.0,-110.0
20260920_PIT_NE,NE,PIT,2026-09-20T17:00:00Z,2026-09-01T02:53:50.624824+00:00,draftkings,-4.5,-110,4.5,-110,43.5,-110.0,-110.0
20260920_PHI_TEN,TEN,PHI,2026-09-20T17:00:00Z,2026-09-01T02:53:50.624824+00:00,draftkings,4.5,-110,-4.5,-110,42.5,-110.0,-110.0
20260920_JAX_DEN,DEN,JAX,2026-09-20T20:05:00Z,2026-09-01T02:53:50.624824+00:00,draftkings,-2.5,-115,2.5,-105,43.5,-110.0,-110.0
20260920_LV_LAC,LAC,LV,2026-09-20T20:05:00Z,2026-09-01T02:53:50.624824+00:00,draftkings,-8.5,-110,8.5,-110,42.5,-110.0,-110.0
20260920_SEA_ARI,ARI,SEA,2026-09-20T20:25:00Z,2026-09-01T02:53:50.624824+00:00,draftkings,10.0,-110,-10.0,-110,44.5,-110.0,-110.0
20260920_WAS_DAL,DAL,WAS,2026-09-20T20:25:00Z,2026-09-01T02:53:50.624824+00:00,draftkings,-4.5,-105,4.5,-115,51.5,-110.0,-110.0
20260920_MIA_SF,SF,MIA,2026-09-20T20:25:00Z,2026-09-01T02:53:50.624824+00:00,draftkings,-10.5,-110,10.5,-110,46.5,-110.0,-110.0
20260921_IND_KC,KC,IND,2026-09-21T00:20:00Z,2026-09-01T02:53:50.624824+00:00,draftkings,-6.5,-110,6.5,-110,47.5,-110.0,-110.0
20260922_NYG_LA,LA,NYG,2026-09-22T00:15:00Z,2026-09-01T02:53:50.624824+00:00,draftkings,-8.5,-110,8.5,-110,48.5,-110.0,-110.0
20260925_ATL_GB,GB,ATL,2026-09-25T00:15:00Z,2026-09-01T02:53:50.624824+00:00,draftkings,-7.5,-110,7.5,-110,46.5,-110.0,-110.0
20260927_LAC_BUF,BUF,LAC,2026-09-27T17:00:00Z,2026-09-01T02:53:50.624824+00:00,draftkings,-3.0,-110,3.0,-110,48.5,-110.0,-110.0
20260927_CAR_CLE,CLE,CAR,2026-09-27T17:00:00Z,2026-09-01T02:53:50.624824+00:00,draftkings,1.5,-110,-1.5,-110,39.5,-110.0,-110.0
20260927_CIN_PIT,PIT,CIN,2026-09-27T17:00:00Z,2026-09-01T02:53:50.624824+00:00,draftkings,1.5,-110,-1.5,-110,46.5,-118.0,-102.0
20260927_NYJ_DET,DET,NYJ,2026-09-27T17:00:00Z,2026-09-01T02:53:50.624824+00:00,draftkings,-9.5,-110,9.5,-110,45.5,-110.0,-110.0
20260927_HOU_IND,IND,HOU,2026-09-27T17:00:00Z,2026-09-01T02:53:50.624824+00:00,draftkings,1.5,-110,-1.5,-110,45.5,-110.0,-110.0
20260927_NE_JAX,JAX,NE,2026-09-27T17:00:00Z,2026-09-01T02:53:50.624824+00:00,draftkings,-1.5,-105,1.5,-115,45.5,-110.0,-110.0
20260927_KC_MIA,MIA,KC,2026-09-27T17:00:00Z,2026-09-01T02:53:50.624824+00:00,draftkings,7.5,-110,-7.5,-110,44.5,-110.0,-110.0
20260927_TEN_NYG,NYG,TEN,2026-09-27T17:00:00Z,2026-09-01T02:53:50.624824+00:00,draftkings,-3.0,-115,3.0,-105,44.5,-110.0,-110.0
20260927_SEA_WAS,WAS,SEA,2026-09-27T17:00:00Z,2026-09-01T02:53:50.624824+00:00,draftkings,3.5,-110,-3.5,-110,46.5,-110.0,-110.0
20260927_ARI_SF,SF,ARI,2026-09-27T20:05:00Z,2026-09-01T02:53:50.624824+00:00,draftkings,-11.5,-110,11.5,-110,46.5,-110.0,-110.0
20260927_MIN_TB,TB,MIN,2026-09-27T20:05:00Z,2026-09-01T02:53:50.624824+00:00,draftkings,-1.5,-110,1.5,-110,44.5,-110.0,-110.0
20260927_BAL_DAL,DAL,BAL,2026-09-27T20:25:00Z,2026-09-01T02:53:50.624824+00:00,draftkings,2.5,-110,-2.5,-110,51.5,-110.0,-110.0
20260927_LV_NO,NO,LV,2026-09-27T20:25:00Z,2026-09-01T02:53:50.624824+00:00,draftkings,-3.5,-110,3.5,-110,42.5,-110.0,-110.0
20260928_LA_DEN,DEN,LA,2026-09-28T00:20:00Z,2026-09-01T02:53:50.624824+00:00,draftkings,3.0,-110,-3.0,-110,45.5,-110.0,-110.0
20260929_PHI_CHI,CHI,PHI,2026-09-29T00:15:00Z,2026-09-01T02:53:50.624824+00:00,draftkings,-1.5,-105,1.5,-115,46.5,-110.0,-110.0
20261002_PIT_CLE,CLE,PIT,2026-10-02T00:15:00Z,2026-09-01T02:53:50.624824+00:00,draftkings,2.5,-110,-2.5,-110,40.5,-110.0,-110.0
20261004_IND_WAS,WAS,IND,2026-10-04T13:30:00Z,2026-09-01T02:53:50.624824+00:00,fanduel,1.5,-110,-1.5,-110,49.5,-110.0,-110.0
20261004_ARI_NYG,NYG,ARI,2026-10-04T17:00:00Z,2026-09-01T02:53:50.624824+00:00,draftkings,-7.0,-110,7.0,-110,45.5,-110.0,-110.0
20261004_TEN_BAL,BAL,TEN,2026-10-04T17:00:00Z,2026-09-01T02:53:50.624824+00:00,draftkings,-8.5,-110,8.5,-110,47.5,-110.0,-110.0
20261004_NE_BUF,BUF,NE,2026-10-04T17:00:00Z,2026-09-01T02:53:50.624824+00:00,draftkings,-3.0,-110,3.0,-110,49.5,-110.0,-110.0
20261004_NYJ_CHI,CHI,NYJ,2026-10-04T17:00:00Z,2026-09-01T02:53:50.624824+00:00,draftkings,-8.5,-110,8.5,-110,45.5,-110.0,-110.0
20261004_JAX_CIN,CIN,JAX,2026-10-04T17:00:00Z,2026-09-01T02:53:50.624824+00:00,draftkings,-2.5,-110,2.5,-110,51.5,-110.0,-110.0
20261004_DAL_HOU,HOU,DAL,2026-10-04T17:00:00Z,2026-09-01T02:53:50.624824+00:00,draftkings,-2.5,-110,2.5,-110,47.5,-110.0,-110.0
20261004_GB_TB,TB,GB,2026-10-04T17:00:00Z,2026-09-01T02:53:50.624824+00:00,draftkings,1.5,-110,-1.5,-110,47.5,-110.0,-110.0
20261004_LA_PHI,PHI,LA,2026-10-04T17:00:00Z,2026-09-01T02:53:50.624824+00:00,draftkings,1.5,-110,-1.5,-110,47.5,-110.0,-110.0
20261004_MIA_MIN,MIN,MIA,2026-10-04T20:05:00Z,2026-09-01T02:53:50.624824+00:00,draftkings,-7.5,-110,7.5,-110,43.5,-110.0,-110.0
20261004_DEN_SF,SF,DEN,2026-10-04T20:25:00Z,2026-09-01T02:53:50.624824+00:00,draftkings,-2.5,-110,2.5,-110,46.5,-110.0,-110.0
20261004_KC_LV,LV,KC,2026-10-04T20:25:00Z,2026-09-01T02:53:50.624824+00:00,draftkings,5.5,-110,-5.5,-110,43.5,-110.0,-110.0
20261004_LAC_SEA,SEA,LAC,2026-10-04T20:25:00Z,2026-09-01T02:53:50.624824+00:00,draftkings,-3.0,-115,3.0,-105,45.5,-110.0,-110.0
20261005_DET_CAR,CAR,DET,2026-10-05T00:20:00Z,2026-09-01T02:53:50.624824+00:00,draftkings,3.0,-110,-3.0,-110,47.5,-110.0,-110.0
20261006_ATL_NO,NO,ATL,2026-10-06T00:15:00Z,2026-09-01T02:53:50.624824+00:00,draftkings,-2.5,-110,2.5,-110,45.5,-115.0,-105.0
20261009_TB_DAL,DAL,TB,2026-10-09T00:15:00Z,2026-09-01T02:53:50.624824+00:00,draftkings,-3.5,-110,3.5,-110,52.5,-110.0,-110.0
20261011_PHI_JAX,JAX,PHI,2026-10-11T13:30:00Z,2026-09-01T02:53:50.624824+00:00,fanduel,1.5,-112,-1.5,-108,44.5,-104.0,-118.0
20261011_CIN_MIA,MIA,CIN,2026-10-11T17:00:00Z,2026-09-01T02:53:50.624824+00:00,draftkings,6.0,-110,-6.0,-110,49.5,-110.0,-110.0
20261011_CLE_NYJ,NYJ,CLE,2026-10-11T17:00:00Z,2026-09-01T02:53:50.624824+00:00,draftkings,-2.5,-105,2.5,-115,39.5,-110.0,-110.0
20261011_HOU_TEN,TEN,HOU,2026-10-11T17:00:00Z,2026-09-01T02:53:50.624824+00:00,draftkings,3.5,-110,-3.5,-110,43.5,-110.0,-110.0
20261011_IND_PIT,PIT,IND,2026-10-11T17:00:00Z,2026-09-01T02:53:50.624824+00:00,draftkings,-2.5,-110,2.5,-110,47.5,-110.0,-110.0
20261011_LV_NE,NE,LV,2026-10-11T17:00:00Z,2026-09-01T02:53:50.624824+00:00,draftkings,-8.5,-110,8.5,-110,44.5,-110.0,-110.0
20261011_MIN_NO,NO,MIN,2026-10-11T17:00:00Z,2026-09-01T02:53:50.624824+00:00,draftkings,1.5,-110,-1.5,-110,44.5,-110.0,-110.0
20261011_NYG_WAS,WAS,NYG,2026-10-11T17:00:00Z,2026-09-01T02:53:50.624824+00:00,draftkings,-2.5,-105,2.5,-115,48.5,-110.0,-110.0
20261011_DEN_LAC,LAC,DEN,2026-10-11T20:05:00Z,2026-09-01T02:53:50.624824+00:00,draftkings,-2.5,-110,2.5,-110,44.5,-110.0,-110.0
20261011_DET_ARI,ARI,DET,2026-10-11T20:25:00Z,2026-09-01T02:53:50.624824+00:00,draftkings,8.5,-110,-8.5,-110,48.5,-110.0,-110.0
20261011_CHI_GB,GB,CHI,2026-10-11T20:25:00Z,2026-09-01T02:53:50.624824+00:00,draftkings,-3.0,-110,3.0,-110,49.5,-110.0,-110.0
20261011_SF_SEA,SEA,SF,2026-10-11T20:25:00Z,2026-09-01T02:53:50.624824+00:00,draftkings,-3.5,-110,3.5,-110,48.5,-110.0,-110.0
20261012_BAL_ATL,ATL,BAL,2026-10-12T00:20:00Z,2026-09-01T02:53:50.624824+00:00,draftkings,4.5,-110,-4.5,-110,48.5,-110.0,-110.0
20261013_BUF_LA,LA,BUF,2026-10-13T00:15:00Z,2026-09-01T02:53:50.624824+00:00,draftkings,-3.0,-110,3.0,-110,53.5,-110.0,-110.0
20261016_SEA_DEN,DEN,SEA,2026-10-16T00:15:00Z,2026-09-01T02:53:50.624824+00:00,draftkings,1.5,-105,-1.5,-115,43.5,-110.0,-110.0
20261018_HOU_JAX,JAX,HOU,2026-10-18T13:30:00Z,2026-09-01T02:53:50.624824+00:00,fanduel,1.5,-118,-1.5,-104,40.5,-115.0,-105.0
20261018_CHI_ATL,ATL,CHI,2026-10-18T17:00:00Z,2026-09-01T02:53:50.624824+00:00,draftkings,3.0,-110,-3.0,-110,47.5,-110.0,-110.0
20261018_BAL_CLE,CLE,BAL,2026-10-18T17:00:00Z,2026-09-01T02:53:50.624824+00:00,draftkings,6.5,-110,-6.5,-110,44.5,-110.0,-110.0
20261018_CAR_PHI,PHI,CAR,2026-10-18T17:00:00Z,2026-09-01T02:53:50.624824+00:00,draftkings,-6.5,-110,6.5,-110,43.5,-110.0,-110.0
20261018_TEN_IND,IND,TEN,2026-10-18T17:00:00Z,2026-09-01T02:53:50.624824+00:00,draftkings,-3.5,-110,3.5,-110,47.5,-110.0,-110.0
20261018_NYJ_NE,NE,NYJ,2026-10-18T17:00:00Z,2026-09-01T02:53:50.624824+00:00,draftkings,-9.5,-110,9.5,-110,42.5,-110.0,-110.0
20261018_NO_NYG,NYG,NO,2026-10-18T17:00:00Z,2026-09-01T02:53:50.624824+00:00,draftkings,-2.5,-110,2.5,-110,44.5,-110.0,-110.0
20261018_PIT_TB,TB,PIT,2026-10-18T17:00:00Z,2026-09-01T02:53:50.624824+00:00,draftkings,-1.5,-110,1.5,-110,45.5,-110.0,-110.0
20261018_ARI_LA,LA,ARI,2026-10-18T20:05:00Z,2026-09-01T02:53:50.624824+00:00,draftkings,-13.5,-112,13.5,-108,47.5,-110.0,-110.0
20261018_BUF_LV,LV,BUF,2026-10-18T20:25:00Z,2026-09-01T02:53:50.624824+00:00,draftkings,6.5,-110,-6.5,-110,47.5,-110.0,-110.0
20261018_LAC_KC,KC,LAC,2026-10-18T20:25:00Z,2026-09-01T02:53:50.624824+00:00,draftkings,-2.5,-110,2.5,-110,46.5,-110.0,-110.0
20261019_DAL_GB,GB,DAL,2026-10-19T00:20:00Z,2026-09-01T02:53:50.624824+00:00,draftkings,-3.0,-110,3.0,-110,51.5,-110.0,-110.0
20261020_WAS_SF,SF,WAS,2026-10-20T00:15:00Z,2026-09-01T02:53:50.624824+00:00,draftkings,-5.5,-110,5.5,-110,50.5,-110.0,-110.0
20261023_NE_CHI,CHI,NE,2026-10-23T00:15:00Z,2026-09-01T02:53:50.624824+00:00,draftkings,-1.5,-110,1.5,-110,47.5,-110.0,-110.0
20261025_PIT_NO,NO,PIT,2026-10-25T13:30:00Z,2026-09-01T02:53:50.624824+00:00,fanduel,1.5,-105,-1.5,-115,40.5,-118.0,-104.0
20261025_SF_ATL,ATL,SF,2026-10-25T17:00:00Z,2026-09-01T02:53:50.624824+00:00,draftkings,4.5,-110,-4.5,-110,47.5,-110.0,-110.0
20261025_CIN_BAL,BAL,CIN,2026-10-25T17:00:00Z,2026-09-01T02:53:50.624824+00:00,draftkings,-3.5,-110,3.5,-110,51.5,-110.0,-110.0
20261025_TB_CAR,CAR,TB,2026-10-25T17:00:00Z,2026-09-01T02:53:50.624824+00:00,draftkings,1.5,-110,-1.5,-110,45.5,-110.0,-110.0
20261025_CLE_TEN,TEN,CLE,2026-10-25T17:00:00Z,2026-09-01T02:53:50.624824+00:00,draftkings,-2.5,-110,2.5,-110,40.5,-110.0,-110.0
20261025_NYG_HOU,HOU,NYG,2026-10-25T17:00:00Z,2026-09-01T02:53:50.624824+00:00,draftkings,-5.5,-110,5.5,-110,43.5,-110.0,-110.0
20261025_IND_MIN,MIN,IND,2026-10-25T17:00:00Z,2026-09-01T02:53:50.624824+00:00,draftkings,-2.5,-110,2.5,-110,46.5,-110.0,-110.0
20261025_MIA_NYJ,NYJ,MIA,2026-10-25T17:00:00Z,2026-09-01T02:53:50.624824+00:00,draftkings,-2.5,-110,2.5,-110,41.5,-110.0,-110.0
20261025_DEN_ARI,ARI,DEN,2026-10-25T20:05:00Z,2026-09-01T02:53:50.624824+00:00,draftkings,7.5,-110,-7.5,-110,43.5,-110.0,-110.0
20261025_GB_DET,DET,GB,2026-10-25T20:25:00Z,2026-09-01T02:53:50.624824+00:00,draftkings,-2.5,-110,2.5,-110,50.5,-110.0,-110.0
20261025_LA_LV,LV,LA,2026-10-25T20:25:00Z,2026-09-01T02:53:50.624824+00:00,draftkings,7.5,-110,-7.5,-110,46.5,-110.0,-110.0
20261026_KC_SEA,SEA,KC,2026-10-26T00:20:00Z,2026-09-01T02:53:50.624824+00:00,draftkings,-3.0,-110,3.0,-110,45.5,-110.0,-110.0
20261027_DAL_PHI,PHI,DAL,2026-10-27T00:15:00Z,2026-09-01T02:53:50.624824+00:00,draftkings,-3.0,-110,3.0,-110,48.5,-110.0,-110.0
20261030_CAR_GB,GB,CAR,2026-10-30T00:15:00Z,2026-09-01T02:53:50.624824+00:00,draftkings,-7.0,-110,7.0,-110,45.5,-110.0,-110.0
20261101_ARI_DAL,DAL,ARI,2026-11-01T18:00:00Z,2026-09-01T02:53:50.624824+00:00,draftkings,-10.5,-110,10.5,-110,47.5,-110.0,-110.0
20261101_ATL_TB,TB,ATL,2026-11-01T18:00:00Z,2026-09-01T02:53:50.624824+00:00,draftkings,-4.5,-110,4.5,-110,46.5,-110.0,-110.0
20261101_BAL_BUF,BUF,BAL,2026-11-01T18:00:00Z,2026-09-01T02:53:50.624824+00:00,draftkings,-2.5,-110,2.5,-110,51.5,-110.0,-110.0
20261101_TEN_CIN,CIN,TEN,2026-11-01T18:00:00Z,2026-09-01T02:53:50.624824+00:00,draftkings,-6.5,-110,6.5,-110,49.5,-110.0,-110.0
20261101_CLE_PIT,PIT,CLE,2026-11-01T18:00:00Z,2026-09-01T02:53:50.624824+00:00,draftkings,-6.0,-110,6.0,-110,39.5,-110.0,-110.0
20261101_MIN_DET,DET,MIN,2026-11-01T18:00:00Z,2026-09-01T02:53:50.624824+00:00,draftkings,-4.5,-110,4.5,-110,47.5,-110.0,-110.0
20261101_IND_JAX,JAX,IND,2026-11-01T18:00:00Z,2026-09-01T02:53:50.624824+00:00,draftkings,-4.5,-110,4.5,-110,49.5,-110.0,-110.0
20261101_LV_NYJ,NYJ,LV,2026-11-01T18:00:00Z,2026-09-01T02:53:50.624824+00:00,draftkings,-1.5,-110,1.5,-110,40.5,-110.0,-110.0
20261101_LAC_LA,LA,LAC,2026-11-01T21:05:00Z,2026-09-01T02:53:50.624824+00:00,draftkings,-3.5,-115,3.5,-105,48.5,-110.0,-110.0
20261101_KC_DEN,DEN,KC,2026-11-01T21:25:00Z,2026-09-01T02:53:50.624824+00:00,draftkings,-1.5,-110,1.5,-110,43.5,-110.0,-110.0
20261101_NE_MIA,MIA,NE,2026-11-01T21:25:00Z,2026-09-01T02:53:50.624824+00:00,draftkings,7.0,-110,-7.0,-110,45.5,-110.0,-110.0
20261102_PHI_WAS,WAS,PHI,2026-11-02T01:20:00Z,2026-09-01T02:53:50.624824+00:00,draftkings,1.5,-110,-1.5,-110,46.5,-110.0,-110.0
20261103_CHI_SEA,SEA,CHI,2026-11-03T01:20:00Z,2026-09-01T02:53:50.624824+00:00,draftkings,-4.5,-110,4.5,-110,47.5,-110.0,-110.0
20261106_JAX_BAL,BAL,JAX,2026-11-06T01:15:00Z,2026-09-01T02:53:50.624824+00:00,draftkings,-4.5,-110,4.5,-110,49.5,-110.0,-110.0
20261108_CIN_ATL,ATL,CIN,2026-11-08T14:30:00Z,2026-09-01T02:53:50.624824+00:00,fanduel,4.5,-118,-4.5,-104,49.5,-105.0,-115.0
20261108_DEN_CAR,CAR,DEN,2026-11-08T18:00:00Z,2026-09-01T02:53:50.624824+00:00,draftkings,3.0,-110,-3.0,-110,42.5,-110.0,-110.0
20261108_CLE_NO,NO,CLE,2026-11-08T18:00:00Z,2026-09-01T02:53:50.624824+00:00,draftkings,-3.5,-115,3.5,-105,41.5,-110.0,-110.0
20261108_DAL_IND,IND,DAL,2026-11-08T18:00:00Z,2026-09-01T02:53:50.624824+00:00,draftkings,1.5,-110,-1.5,-110,52.5,-110.0,-110.0
20261108_DET_MIA,MIA,DET,2026-11-08T18:00:00Z,2026-09-01T02:53:50.624824+00:00,draftkings,6.5,-110,-6.5,-110,47.5,-110.0,-110.0
20261108_NYJ_KC,KC,NYJ,2026-11-08T18:00:00Z,2026-09-01T02:53:50.624824+00:00,draftkings,-9.5,-110,9.5,-110,41.5,-110.0,-110.0
20261108_LA_WAS,WAS,LA,2026-11-08T18:00:00Z,2026-09-01T02:53:50.624824+00:00,draftkings,4.5,-105,-4.5,-115,50.5,-110.0,-110.0
20261108_NYG_PHI,PHI,NYG,2026-11-08T18:00:00Z,2026-09-01T02:53:50.624824+00:00,draftkings,-5.5,-110,5.5,-110,44.5,-110.0,-110.0
20261108_HOU_LAC,LAC,HOU,2026-11-08T21:05:00Z,2026-09-01T02:53:50.624824+00:00,draftkings,-2.5,-110,2.5,-110,43.5,-110.0,-110.0
20261108_LV_SF,SF,LV,2026-11-08T21:05:00Z,2026-09-01T02:53:50.624824+00:00,draftkings,-8.5,-110,8.5,-110,46.5,-110.0,-110.0
20261108_ARI_SEA,SEA,ARI,2026-11-08T21:25:00Z,2026-09-01T02:53:50.624824+00:00,draftkings,-13.5,-110,13.5,-110,45.5,-110.0,-110.0
20261108_GB_NE,NE,GB,2026-11-08T21:25:00Z,2026-09-01T02:53:50.624824+00:00,draftkings,-1.5,-110,1.5,-110,46.5,-110.0,-110.0
20261109_TB_CHI,CHI,TB,2026-11-09T01:20:00Z,2026-09-01T02:53:50.624824+00:00,draftkings,-3.5,-110,3.5,-110,48.5,-110.0,-110.0
20261110_BUF_MIN,MIN,BUF,2026-11-10T01:15:00Z,2026-09-01T02:53:50.624824+00:00,draftkings,3.0,-110,-3.0,-110,48.5,-110.0,-110.0
20261113_WAS_NYG,NYG,WAS,2026-11-13T01:15:00Z,2026-09-01T02:53:50.624824+00:00,draftkings,-1.5,-110,1.5,-110,47.5,-110.0,-110.0
20261115_NE_DET,DET,NE,2026-11-15T14:30:00Z,2026-09-01T02:53:50.624824+00:00,fanduel,1.5,-115,-1.5,-105,49.5,-115.0,-105.0
20261115_KC_ATL,ATL,KC,2026-11-15T18:00:00Z,2026-09-01T02:53:50.624824+00:00,draftkings,4.5,-110,-4.5,-110,45.5,-110.0,-110.0
20261115_BUF_NYJ,NYJ,BUF,2026-11-15T18:00:00Z,2026-09-01T02:53:50.624824+00:00,draftkings,7.0,-105,-7.0,-115,46.5,-110.0,-110.0
20261115_CAR_NO,NO,CAR,2026-11-15T18:00:00Z,2026-09-01T02:53:50.624824+00:00,draftkings,-1.5,-105,1.5,-115,43.5,-110.0,-110.0
20261115_HOU_CLE,CLE,HOU,2026-11-15T18:00:00Z,2026-09-01T02:53:50.624824+00:00,draftkings,4.5,-110,-4.5,-110,38.5,-110.0,-110.0
20261115_MIN_GB,GB,MIN,2026-11-15T18:00:00Z,2026-09-01T02:53:50.624824+00:00,draftkings,-4.5,-110,4.5,-110,45.5,-110.0,-110.0
20261115_MIA_IND,IND,MIA,2026-11-15T18:00:00Z,2026-09-01T02:53:50.624824+00:00,draftkings,-6.5,-110,6.5,-110,47.5,-110.0,-110.0
20261115_JAX_TEN,TEN,JAX,2026-11-15T18:00:00Z,2026-09-01T02:53:50.624824+00:00,draftkings,2.5,-110,-2.5,-110,45.5,-110.0,-110.0
20261115_LA_ARI,ARI,LA,2026-11-15T21:05:00Z,2026-09-01T02:53:50.624824+00:00,draftkings,10.5,-110,-10.5,-110,47.5,-110.0,-110.0
20261115_SEA_LV,LV,SEA,2026-11-15T21:05:00Z,2026-09-01T02:53:50.624824+00:00,draftkings,7.0,-110,-7.0,-110,43.5,-110.0,-110.0
20261115_SF_DAL,DAL,SF,2026-11-15T21:25:00Z,2026-09-01T02:53:50.624824+00:00,draftkings,-1.5,-105,1.5,-115,52.5,-110.0,-110.0
20261116_PIT_CIN,CIN,PIT,2026-11-16T01:20:00Z,2026-09-01T02:53:50.624824+00:00,draftkings,-3.5,-110,3.5,-110,47.5,-110.0,-110.0
20261117_LAC_BAL,BAL,LAC,2026-11-17T01:15:00Z,2026-09-01T02:53:50.624824+00:00,draftkings,-3.5,-110,3.5,-110,47.5,-110.0,-110.0
20261120_IND_HOU,HOU,IND,2026-11-20T01:15:00Z,2026-09-01T02:53:50.624824+00:00,draftkings,-5.5,-110,5.5,-110,45.5,-110.0,-110.0
20261122_ARI_KC,KC,ARI,2026-11-22T18:00:00Z,2026-09-01T02:53:50.624824+00:00,draftkings,-11.5,-110,11.5,-110,44.5,-110.0,-110.0
20261122_BAL_CAR,CAR,BAL,2026-11-22T18:00:00Z,2026-09-01T02:53:50.624824+00:00,draftkings,4.5,-110,-4.5,-110,46.5,-110.0,-110.0
20261122_MIA_BUF,BUF,MIA,2026-11-22T18:00:00Z,2026-09-01T02:53:50.624824+00:00,draftkings,-11.5,-110,11.5,-110,47.5,-110.0,-110.0
20261122_NO_CHI,CHI,NO,2026-11-22T18:00:00Z,2026-09-01T02:53:50.624824+00:00,draftkings,-6.5,-110,6.5,-110,46.5,-110.0,-110.0
20261122_TEN_DAL,DAL,TEN,2026-11-22T18:00:00Z,2026-09-01T02:53:50.624824+00:00,draftkings,-6.5,-110,6.5,-110,48.5,-110.0,-110.0
20261122_TB_DET,DET,TB,2026-11-22T18:00:00Z,2026-09-01T02:53:50.624824+00:00,draftkings,-4.5,-110,4.5,-110,49.5,-110.0,-110.0
20261122_JAX_NYG,NYG,JAX,2026-11-22T18:00:00Z,2026-09-01T02:53:50.624824+00:00,draftkings,1.5,-110,-1.5,-110,46.5,-110.0,-110.0
20261122_NYJ_LAC,LAC,NYJ,2026-11-22T21:05:00Z,2026-09-01T02:53:50.624824+00:00,draftkings,-9.5,-110,9.5,-110,41.5,-110.0,-110.0
20261122_LV_DEN,DEN,LV,2026-11-22T21:25:00Z,2026-09-01T02:53:50.624824+00:00,draftkings,-7.5,-110,7.5,-110,41.5,-110.0,-110.0
20261122_PIT_PHI,PHI,PIT,2026-11-22T21:25:00Z,2026-09-01T02:53:50.624824+00:00,draftkings,-5.5,-110,5.5,-110,42.5,-110.0,-110.0
20261123_MIN_SF,SF,MIN,2026-11-23T01:20:00Z,2026-09-01T02:53:50.624824+00:00,fanduel,-4.5,-105,4.5,-115,47.5,-105.0,-115.0
20261124_CIN_WAS,WAS,CIN,2026-11-24T01:15:00Z,2026-09-01T02:53:50.624824+00:00,draftkings,1.5,-110,-1.5,-110,52.5,-110.0,-110.0
20261126_GB_LA,LA,GB,2026-11-26T01:00:00Z,2026-09-01T02:53:50.624824+00:00,fanduel,-5.5,-105,5.5,-115,48.5,-105.0,-115.0
20261126_CHI_DET,DET,CHI,2026-11-26T18:00:00Z,2026-09-01T02:53:50.624824+00:00,fanduel,-2.5,-110,2.5,-110,53.5,-115.0,-105.0
20261126_PHI_DAL,DAL,PHI,2026-11-26T20:30:00Z,2026-09-01T02:53:50.624824+00:00,fanduel,-1.5,-110,1.5,-110,49.5,-115.0,-105.0
20261127_KC_BUF,BUF,KC,2026-11-27T01:20:00Z,2026-09-01T02:53:50.624824+00:00,fanduel,-2.5,-118,2.5,-104,50.5,-104.0,-118.0
20261127_DEN_PIT,PIT,DEN,2026-11-27T20:00:00Z,2026-09-01T02:53:50.624824+00:00,fanduel,1.5,-104,-1.5,-118,39.5,-110.0,-110.0
20261129_ATL_MIN,MIN,ATL,2026-11-29T18:00:00Z,2026-09-01T02:53:50.624824+00:00,draftkings,-4.5,-110,4.5,-110,43.5,-110.0,-110.0
20261129_BAL_HOU,HOU,BAL,2026-11-29T18:00:00Z,2026-09-01T02:53:50.624824+00:00,draftkings,-1.5,-110,1.5,-110,45.5,-110.0,-110.0
20261129_NO_CIN,CIN,NO,2026-11-29T18:00:00Z,2026-09-01T02:53:50.624824+00:00,draftkings,-6.5,-110,6.5,-110,48.5,-110.0,-110.0
20261129_LV_CLE,CLE,LV,2026-11-29T18:00:00Z,2026-09-01T02:53:50.624824+00:00,draftkings,-1.5,-110,1.5,-110,39.5,-110.0,-110.0
20261129_NYG_IND,IND,NYG,2026-11-29T18:00:00Z,2026-09-01T02:53:50.624824+00:00,draftkings,-2.5,-110,2.5,-110,47.5,-110.0,-110.0
20261129_TEN_JAX,JAX,TEN,2026-11-29T18:00:00Z,2026-09-01T02:53:50.624824+00:00,draftkings,-5.5,-110,5.5,-110,45.5,-110.0,-110.0
20261129_NYJ_MIA,MIA,NYJ,2026-11-29T18:00:00Z,2026-09-01T02:53:50.624824+00:00,draftkings,-1.5,-110,1.5,-110,40.5,-110.0,-110.0
20261129_WAS_ARI,ARI,WAS,2026-11-29T21:25:00Z,2026-09-01T02:53:50.624824+00:00,draftkings,4.5,-110,-4.5,-110,47.5,-110.0,-110.0
20261129_SEA_SF,SF,SEA,2026-11-29T21:25:00Z,2026-09-01T02:53:50.624824+00:00,draftkings,1.5,-125,-1.5,105,46.5,-110.0,-110.0
20261130_NE_LAC,LAC,NE,2026-11-30T01:20:00Z,2026-09-01T02:53:50.624824+00:00,draftkings,-1.5,-110,1.5,-110,45.5,-110.0,-110.0
20261201_CAR_TB,TB,CAR,2026-12-01T01:15:00Z,2026-09-01T02:53:50.624824+00:00,draftkings,-3.5,-110,3.5,-110,44.5,-110.0,-110.0
20261204_KC_LA,LA,KC,2026-12-04T01:15:00Z,2026-09-01T02:53:50.624824+00:00,draftkings,-4.5,-102,4.5,-118,47.5,-110.0,-110.0
20261206_DET_ATL,ATL,DET,2026-12-06T18:00:00Z,2026-09-01T02:53:50.624824+00:00,draftkings,3.5,-110,-3.5,-110,48.5,-110.0,-110.0
20261206_JAX_CHI,CHI,JAX,2026-12-06T18:00:00Z,2026-09-01T02:53:50.624824+00:00,draftkings,-3.0,-105,3.0,-115,47.5,-110.0,-110.0
20261206_CIN_CLE,CLE,CIN,2026-12-06T18:00:00Z,2026-09-01T02:53:50.624824+00:00,draftkings,4.5,-110,-4.5,-110,45.5,-110.0,-110.0
20261206_MIA_DEN,DEN,MIA,2026-12-06T18:00:00Z,2026-09-01T02:53:50.624824+00:00,draftkings,-9.5,-110,9.5,-110,42.5,-110.0,-110.0
20261206_GB_NO,NO,GB,2026-12-06T18:00:00Z,2026-09-01T02:53:50.624824+00:00,draftkings,4.5,-110,-4.5,-110,45.5,-110.0,-110.0
20261206_LAC_TB,TB,LAC,2026-12-06T18:00:00Z,2026-09-01T02:53:50.624824+00:00,draftkings,2.5,-110,-2.5,-110,46.5,-110.0,-110.0
20261206_SF_NYG,NYG,SF,2026-12-06T18:00:00Z,2026-09-01T02:53:50.624824+00:00,draftkings,3.0,-110,-3.0,-110,47.5,-110.0,-110.0
20261206_WAS_TEN,TEN,WAS,2026-12-06T18:00:00Z,2026-09-01T02:53:50.624824+00:00,draftkings,1.5,-110,-1.5,-110,46.5,-110.0,-110.0
20261206_PHI_ARI,ARI,PHI,2026-12-06T21:05:00Z,2026-09-01T02:53:50.624824+00:00,draftkings,8.5,-110,-8.5,-110,43.5,-110.0,-110.0
20261206_BUF_NE,NE,BUF,2026-12-06T21:25:00Z,2026-09-01T02:53:50.624824+00:00,draftkings,-1.5,-108,1.5,-112,48.5,-110.0,-110.0
20261206_CAR_MIN,MIN,CAR,2026-12-06T21:25:00Z,2026-09-01T02:53:50.624824+00:00,draftkings,-3.5,-110,3.5,-110,42.5,-110.0,-110.0
20261207_HOU_PIT,PIT,HOU,2026-12-07T01:20:00Z,2026-09-01T02:53:50.624824+00:00,draftkings,1.5,-110,-1.5,-110,41.5,-110.0,-110.0
20261208_DAL_SEA,SEA,DAL,2026-12-08T01:15:00Z,2026-09-01T02:53:50.624824+00:00,draftkings,-4.5,-110,4.5,-110,48.5,-110.0,-110.0
20261211_MIN_NE,NE,MIN,2026-12-11T01:15:00Z,2026-09-01T02:53:50.624824+00:00,draftkings,-4.5,-110,4.5,-110,43.5,-110.0,-110.0
20261213_ATL_CLE,CLE,ATL,2026-12-13T18:00:00Z,2026-09-01T02:53:50.624824+00:00,draftkings,-1.5,-110,1.5,-110,40.5,-110.0,-110.0
20261213_TB_BAL,BAL,TB,2026-12-13T18:00:00Z,2026-09-01T02:53:50.624824+00:00,draftkings,-6.0,-110,6.0,-110,48.5,-110.0,-110.0
20261213_NO_CAR,CAR,NO,2026-12-13T18:00:00Z,2026-09-01T02:53:50.624824+00:00,draftkings,-2.5,-110,2.5,-110,43.5,-110.0,-110.0
20261213_CHI_MIA,MIA,CHI,2026-12-13T18:00:00Z,2026-09-01T02:53:50.624824+00:00,draftkings,5.5,-110,-5.5,-110,46.5,-110.0,-110.0
20261213_DEN_NYJ,NYJ,DEN,2026-12-13T18:00:00Z,2026-09-01T02:53:50.624824+00:00,draftkings,5.5,-110,-5.5,-110,39.5,-110.0,-110.0
20261213_TEN_DET,DET,TEN,2026-12-13T18:00:00Z,2026-09-01T02:53:50.624824+00:00,draftkings,-7.5,-110,7.5,-110,47.5,-110.0,-110.0
20261213_HOU_WAS,WAS,HOU,2026-12-13T18:00:00Z,2026-09-01T02:53:50.624824+00:00,draftkings,1.5,-110,-1.5,-110,44.5,-110.0,-110.0
20261213_IND_PHI,PHI,IND,2026-12-13T18:00:00Z,2026-09-01T02:53:50.624824+00:00,draftkings,-5.5,-110,5.5,-110,46.5,-110.0,-110.0
20261213_LAC_LV,LV,LAC,2026-12-13T21:05:00Z,2026-09-01T02:53:50.624824+00:00,draftkings,5.5,-110,-5.5,-110,43.5,-110.0,-110.0
20261213_KC_CIN,CIN,KC,2026-12-13T21:25:00Z,2026-09-01T02:53:50.624824+00:00,draftkings,-1.5,-110,1.5,-110,48.5,-110.0,-110.0
20261213_LA_SF,SF,LA,2026-12-13T21:25:00Z,2026-09-01T02:53:50.624824+00:00,draftkings,1.5,-105,-1.5,-115,49.5,-110.0,-110.0
20261213_NYG_SEA,SEA,NYG,2026-12-13T21:25:00Z,2026-09-01T02:53:50.624824+00:00,draftkings,-7.5,-110,7.5,-110,45.5,-110.0,-110.0
20261214_BUF_GB,GB,BUF,2026-12-14T01:20:00Z,2026-09-01T02:53:50.624824+00:00,draftkings,-1.5,-110,1.5,-110,49.5,-110.0,-110.0
20261215_PIT_JAX,JAX,PIT,2026-12-15T01:15:00Z,2026-09-01T02:53:50.624824+00:00,draftkings,-3.0,-110,3.0,-110,44.5,-110.0,-110.0
20261218_SF_LAC,LAC,SF,2026-12-18T01:15:00Z,2026-09-01T02:53:50.624824+00:00,draftkings,-2.5,-110,2.5,-110,47.5,-110.0,-110.0
20261219_SEA_PHI,PHI,SEA,2026-12-19T22:00:00Z,2026-09-01T02:53:50.624824+00:00,draftkings,-1.5,-110,1.5,-110,43.5,-110.0,-110.0
20261220_CHI_BUF,BUF,CHI,2026-12-20T01:20:00Z,2026-09-01T02:53:50.624824+00:00,draftkings,-3.5,-110,3.5,-110,51.5,-110.0,-110.0
20261220_ATL_WAS,WAS,ATL,2026-12-20T18:00:00Z,2026-09-01T02:53:50.624824+00:00,draftkings,-3.5,-110,3.5,-110,46.5,-110.0,-110.0
20261220_BAL_PIT,PIT,BAL,2026-12-20T18:00:00Z,2026-09-01T02:53:50.624824+00:00,draftkings,2.5,100,-2.5,-120,46.5,-110.0,-110.0
20261220_CIN_CAR,CAR,CIN,2026-12-20T18:00:00Z,2026-09-01T02:53:50.624824+00:00,draftkings,2.5,100,-2.5,-120,47.5,-110.0,-110.0
20261220_CLE_NYG,NYG,CLE,2026-12-20T18:00:00Z,2026-09-01T02:53:50.624824+00:00,draftkings,-4.5,-110,4.5,-110,40.5,-110.0,-110.0
20261220_MIA_GB,GB,MIA,2026-12-20T18:00:00Z,2026-09-01T02:53:50.624824+00:00,draftkings,-10.5,-110,10.5,-110,45.5,-110.0,-110.0
20261220_JAX_HOU,HOU,JAX,2026-12-20T18:00:00Z,2026-09-01T02:53:50.624824+00:00,draftkings,-3.0,-110,3.0,-110,43.5,-110.0,-110.0
20261220_IND_TEN,TEN,IND,2026-12-20T18:00:00Z,2026-09-01T02:53:50.624824+00:00,draftkings,1.5,-110,-1.5,-110,47.5,-110.0,-110.0
20261220_NO_TB,TB,NO,2026-12-20T18:00:00Z,2026-09-01T02:53:50.624824+00:00,draftkings,-3.5,-110,3.5,-110,45.5,-110.0,-110.0
20261220_NYJ_ARI,ARI,NYJ,2026-12-20T21:05:00Z,2026-09-01T02:53:50.624824+00:00,draftkings,1.5,-122,-1.5,102,41.5,-110.0,-110.0
20261220_DAL_LA,LA,DAL,2026-12-20T21:25:00Z,2026-09-01T02:53:50.624824+00:00,draftkings,-6.0,-110,6.0,-110,52.5,-110.0,-110.0
20261220_DEN_LV,LV,DEN,2026-12-20T21:25:00Z,2026-09-01T02:53:50.624824+00:00,draftkings,4.5,-110,-4.5,-110,41.5,-110.0,-110.0
20261221_DET_MIN,MIN,DET,2026-12-21T01:20:00Z,2026-09-01T02:53:50.624824+00:00,draftkings,1.5,-110,-1.5,-110,46.5,-110.0,-110.0
20261222_NE_KC,KC,NE,2026-12-22T01:15:00Z,2026-09-01T02:53:50.624824+00:00,draftkings,-2.5,-110,2.5,-110,45.5,-110.0,-110.0
20261225_HOU_PHI,PHI,HOU,2026-12-25T01:15:00Z,2026-09-01T02:53:50.624824+00:00,fanduel,-2.5,-105,2.5,-115,38.5,-104.0,-118.0
20261225_GB_CHI,CHI,GB,2026-12-25T18:00:00Z,2026-09-01T02:53:50.624824+00:00,fanduel,-1.5,-105,1.5,-115,47.5,-115.0,-105.0
20261225_BUF_DEN,DEN,BUF,2026-12-25T21:30:00Z,2026-09-01T02:53:50.624824+00:00,fanduel,1.5,-105,-1.5,-115,46.5,-115.0,-105.0
20261226_LA_SEA,SEA,LA,2026-12-26T01:15:00Z,2026-09-01T02:53:50.624824+00:00,fanduel,1.5,-115,-1.5,-105,45.5,-110.0,-110.0
20261227_ARI_NO,NO,ARI,2026-12-27T18:00:00Z,2026-09-01T02:53:50.624824+00:00,draftkings,-5.5,-110,5.5,-110,44.5,-110.0,-110.0
20261227_TB_ATL,ATL,TB,2026-12-27T18:00:00Z,2026-09-01T02:53:50.624824+00:00,draftkings,1.5,-110,-1.5,-110,45.5,-110.0,-110.0
20261227_CLE_BAL,BAL,CLE,2026-12-27T18:00:00Z,2026-09-01T02:53:50.624824+00:00,draftkings,-10.0,-110,10.0,-110,43.5,-110.0,-110.0
20261227_CAR_PIT,PIT,CAR,2026-12-27T18:00:00Z,2026-09-01T02:53:50.624824+00:00,draftkings,-3.5,-110,3.5,-110,41.5,-110.0,-110.0
20261227_CIN_IND,IND,CIN,2026-12-27T18:00:00Z,2026-09-01T02:53:50.624824+00:00,draftkings,1.5,-110,-1.5,-110,52.5,-110.0,-110.0
20261227_TEN_LV,LV,TEN,2026-12-27T18:00:00Z,2026-09-01T02:53:50.624824+00:00,draftkings,-1.5,-110,1.5,-110,42.5,-110.0,-110.0
20261227_LAC_MIA,MIA,LAC,2026-12-27T18:00:00Z,2026-09-01T02:53:50.624824+00:00,draftkings,7.0,-108,-7.0,-112,45.5,-110.0,-110.0
20261227_WAS_MIN,MIN,WAS,2026-12-27T18:00:00Z,2026-09-01T02:53:50.624824+00:00,draftkings,-2.5,-110,2.5,-110,46.5,-110.0,-110.0
20261227_NE_NYJ,NYJ,NE,2026-12-27T18:00:00Z,2026-09-01T02:53:50.624824+00:00,draftkings,6.5,-110,-6.5,-110,40.5,-110.0,-110.0
20261227_SF_KC,KC,SF,2026-12-27T21:25:00Z,2026-09-01T02:53:50.624824+00:00,draftkings,-3.0,100,3.0,-120,46.5,-110.0,-110.0
20261228_JAX_DAL,DAL,JAX,2026-12-28T01:20:00Z,2026-09-01T02:53:50.624824+00:00,draftkings,-3.0,-102,3.0,-118,51.5,-110.0,-110.0
20261229_NYG_DET,DET,NYG,2026-12-29T01:15:00Z,2026-09-01T02:53:50.624824+00:00,draftkings,-4.5,-110,4.5,-110,49.5,-110.0,-110.0
20270101_BAL_CIN,CIN,BAL,2027-01-01T01:15:00Z,2026-09-01T02:53:50.624824+00:00,draftkings,-2.5,-110,2.5,-110,51.5,-110.0,-110.0
20270103_NO_ATL,ATL,NO,2027-01-03T18:00:00Z,2026-09-01T02:53:50.624824+00:00,draftkings,-1.5,-110,1.5,-110,44.5,-110.0,-110.0
20270103_BUF_MIA,MIA,BUF,2027-01-03T18:00:00Z,2026-09-01T02:53:50.624824+00:00,draftkings,7.5,-110,-7.5,-110,47.5,-110.0,-110.0
20270103_SEA_CAR,CAR,SEA,2027-01-03T18:00:00Z,2026-09-01T02:53:50.624824+00:00,draftkings,5.5,-110,-5.5,-110,42.5,-110.0,-110.0
20270103_IND_CLE,CLE,IND,2027-01-03T18:00:00Z,2026-09-01T02:53:50.624824+00:00,draftkings,2.5,-110,-2.5,-110,43.5,-110.0,-110.0
20270103_NYG_DAL,DAL,NYG,2027-01-03T18:00:00Z,2026-09-01T02:53:50.624824+00:00,draftkings,-4.5,-110,4.5,-110,49.5,-110.0,-110.0
20270103_DEN_NE,NE,DEN,2027-01-03T18:00:00Z,2026-09-01T02:53:50.624824+00:00,draftkings,-2.5,-110,2.5,-110,42.5,-110.0,-110.0
20270103_WAS_JAX,JAX,WAS,2027-01-03T18:00:00Z,2026-09-01T02:53:50.624824+00:00,draftkings,-3.5,-110,3.5,-110,48.5,-110.0,-110.0
20270103_LA_TB,TB,LA,2027-01-03T18:00:00Z,2026-09-01T02:53:50.624824+00:00,draftkings,4.5,-110,-4.5,-110,48.5,-110.0,-110.0
20270103_MIN_NYJ,NYJ,MIN,2027-01-03T18:00:00Z,2026-09-01T02:53:50.624824+00:00,draftkings,3.5,-110,-3.5,-110,39.5,-110.0,-110.0
20270103_PIT_TEN,TEN,PIT,2027-01-03T18:00:00Z,2026-09-01T02:53:50.624824+00:00,draftkings,1.5,-110,-1.5,-110,42.5,-110.0,-110.0
20270103_LV_ARI,ARI,LV,2027-01-03T21:05:00Z,2026-09-01T02:53:50.624824+00:00,draftkings,1.5,-105,-1.5,-115,42.5,-110.0,-110.0
20270103_DET_CHI,CHI,DET,2027-01-03T21:25:00Z,2026-09-01T02:53:50.624824+00:00,draftkings,-1.5,-110,1.5,-110,49.5,-110.0,-110.0
20270103_KC_LAC,LAC,KC,2027-01-03T21:25:00Z,2026-09-01T02:53:50.624824+00:00,draftkings,-1.5,-110,1.5,-110,45.5,-110.0,-110.0
20270104_PHI_SF,SF,PHI,2027-01-04T01:20:00Z,2026-09-01T02:53:50.624824+00:00,draftkings,-1.5,-110,1.5,-110,45.5,-110.0,-110.0
20270105_HOU_GB,GB,HOU,2027-01-05T01:15:00Z,2026-09-01T02:53:50.624824+00:00,draftkings,-2.5,-110,2.5,-110,42.5,-110.0,-110.0
20270110_ATL_CAR,CAR,ATL,2027-01-10T18:00:00Z,2026-09-01T02:53:50.624824+00:00,draftkings,-2.5,-110,2.5,-110,41.5,-110.0,-110.0
20270110_PIT_BAL,BAL,PIT,2027-01-10T18:00:00Z,2026-09-01T02:53:50.624824+00:00,draftkings,-5.5,-110,5.5,-110,43.5,-110.0,-110.0
20270110_NYJ_BUF,BUF,NYJ,2027-01-10T18:00:00Z,2026-09-01T02:53:50.624824+00:00,draftkings,-10.0,-110,10.0,-110,43.5,-110.0,-110.0
20270110_CHI_MIN,MIN,CHI,2027-01-10T18:00:00Z,2026-09-01T02:53:50.624824+00:00,draftkings,-1.5,-110,1.5,-110,43.5,-110.0,-110.0
20270110_CLE_CIN,CIN,CLE,2027-01-10T18:00:00Z,2026-09-01T02:53:50.624824+00:00,draftkings,-7.5,-110,7.5,-110,43.5,-110.0,-110.0
20270110_DAL_WAS,WAS,DAL,2027-01-10T18:00:00Z,2026-09-01T02:53:50.624824+00:00,draftkings,1.5,-110,-1.5,-110,49.5,-110.0,-110.0
20270110_LAC_DEN,DEN,LAC,2027-01-10T18:00:00Z,2026-09-01T02:53:50.624824+00:00,draftkings,-1.5,-110,1.5,-110,41.5,-110.0,-110.0
20270110_DET_GB,GB,DET,2027-01-10T18:00:00Z,2026-09-01T02:53:50.624824+00:00,draftkings,-2.5,-110,2.5,-110,47.5,-110.0,-110.0
20270110_TEN_HOU,HOU,TEN,2027-01-10T18:00:00Z,2026-09-01T02:53:50.624824+00:00,draftkings,-7.0,-110,7.0,-110,39.5,-110.0,-110.0
20270110_JAX_IND,IND,JAX,2027-01-10T18:00:00Z,2026-09-01T02:53:50.624824+00:00,draftkings,-1.5,-110,1.5,-110,46.5,-110.0,-110.0
20270110_LV_KC,KC,LV,2027-01-10T18:00:00Z,2026-09-01T02:53:50.624824+00:00,draftkings,-8.5,-110,8.5,-110,40.5,-110.0,-110.0
20270110_MIA_NE,NE,MIA,2027-01-10T18:00:00Z,2026-09-01T02:53:50.624824+00:00,draftkings,-10.5,-110,10.5,-110,42.5,-110.0,-110.0
20270110_TB_NO,NO,TB,2027-01-10T18:00:00Z,2026-09-01T02:53:50.624824+00:00,draftkings,1.5,-110,-1.5,-110,43.5,-110.0,-110.0
20270110_PHI_NYG,NYG,PHI,2027-01-10T18:00:00Z,2026-09-01T02:53:50.624824+00:00,draftkings,3.0,-110,-3.0,-110,41.5,-110.0,-110.0
20270110_SF_ARI,ARI,SF,2027-01-10T21:05:00Z,2026-09-01T02:53:50.624824+00:00,draftkings,8.5,-110,-8.5,-110,44.5,-110.0,-110.0
20270110_SEA_LA,LA,SEA,2027-01-10T21:05:00Z,2026-09-01T02:53:50.624824+00:00,draftkings,-3.0,-110,3.0,-110,44.5,-110.0,-110.0
20260913_TB_CIN,CIN,TB,2026-09-13T17:00:00Z,2026-09-01T08:14:10.962722+00:00,fanduel,-3.5,-110,3.5,-110,50.5,-110.0,-110.0
20260913_ATL_PIT,PIT,ATL,2026-09-13T17:00:00Z,2026-09-01T12:16:48.564947+00:00,fanduel,-3.0,-115,3.0,-105,42.5,-106.0,-114.0
20260913_TB_CIN,CIN,TB,2026-09-13T17:00:00Z,2026-09-01T12:16:48.564947+00:00,fanduel,-3.5,-112,3.5,-108,50.5,-110.0,-110.0
20260913_TB_CIN,CIN,TB,2026-09-13T17:00:00Z,2026-09-01T16:38:30.740812+00:00,fanduel,-3.5,-115,3.5,-105,50.5,-112.0,-108.0
20260913_MIA_LV,LV,MIA,2026-09-13T20:25:00Z,2026-09-01T16:38:30.740812+00:00,fanduel,-3.5,-110,3.5,-110,40.5,-110.0,-110.0
20260913_MIA_LV,LV,MIA,2026-09-13T20:25:00Z,2026-09-02T00:19:43.374178+00:00,fanduel,-3.5,-102,3.5,-120,40.5,-110.0,-110.0
20261004_IND_WAS,WAS,IND,2026-10-04T13:30:00Z,2026-09-02T00:19:43.374178+00:00,fanduel,1.5,-115,-1.5,-105,49.5,-110.0,-110.0
20260911_SF_LA,LA,SF,2026-09-11T00:35:00Z,2026-09-02T12:16:56.603419+00:00,fanduel,-3.5,-115,3.5,-105,48.5,-105.0,-115.0
20260913_BUF_HOU,HOU,BUF,2026-09-13T17:00:00Z,2026-09-02T12:16:56.603419+00:00,fanduel,1.5,-122,-1.5,100,44.5,-112.0,-108.0
20260913_CHI_CAR,CAR,CHI,2026-09-13T17:00:00Z,2026-09-02T12:16:56.603419+00:00,fanduel,2.5,102,-2.5,-124,47.5,-105.0,-115.0
20260913_NO_DET,DET,NO,2026-09-13T17:00:00Z,2026-09-02T12:16:56.603419+00:00,fanduel,-6.5,-122,6.5,100,49.5,-115.0,-105.0
20260913_ARI_LAC,LAC,ARI,2026-09-13T20:25:00Z,2026-09-02T12:16:56.603419+00:00,fanduel,-10.5,-102,10.5,-120,47.5,-102.0,-120.0
20260913_GB_MIN,MIN,GB,2026-09-13T20:25:00Z,2026-09-02T12:16:56.603419+00:00,fanduel,-1.5,-105,1.5,-115,46.5,-110.0,-110.0
20260913_MIA_LV,LV,MIA,2026-09-13T20:25:00Z,2026-09-02T12:16:56.603419+00:00,fanduel,-3.5,-102,3.5,-120,39.5,-120.0,-102.0
20260913_WAS_PHI,PHI,WAS,2026-09-13T20:25:00Z,2026-09-02T12:16:56.603419+00:00,fanduel,-5.5,-105,5.5,-115,45.5,-105.0,-115.0
20260913_ATL_PIT,PIT,ATL,2026-09-13T17:00:00Z,2026-09-02T16:12:59.091469+00:00,fanduel,-3.0,-115,3.0,-105,42.5,-104.0,-118.0
20260913_BAL_IND,IND,BAL,2026-09-13T17:00:00Z,2026-09-02T16:12:59.091469+00:00,fanduel,3.5,-115,-3.5,-105,47.5,-112.0,-108.0
20260913_NYJ_TEN,TEN,NYJ,2026-09-13T17:00:00Z,2026-09-02T16:12:59.091469+00:00,fanduel,-2.5,-105,2.5,-115,39.5,-115.0,-105.0
20260913_ARI_LAC,LAC,ARI,2026-09-13T20:25:00Z,2026-09-02T16:12:59.091469+00:00,fanduel,-9.5,-118,9.5,-104,47.5,-102.0,-120.0
20260913_MIA_LV,LV,MIA,2026-09-13T20:25:00Z,2026-09-02T20:12:49.704755+00:00,fanduel,-3.5,-104,3.5,-118,39.5,-120.0,-102.0
20260913_ATL_PIT,PIT,ATL,2026-09-13T17:00:00Z,2026-09-03T00:20:34.761881+00:00,fanduel,-3.0,-120,3.0,-102,42.5,-104.0,-118.0
20260913_NYJ_TEN,TEN,NYJ,2026-09-13T17:00:00Z,2026-09-03T16:13:44.104650+00:00,fanduel,-2.5,-105,2.5,-115,39.5,-110.0,-110.0
20260913_CHI_CAR,CAR,CHI,2026-09-13T17:00:00Z,2026-09-04T00:18:41.417203+00:00,fanduel,2.5,100,-2.5,-122,47.5,-105.0,-115.0
20260913_NYJ_TEN,TEN,NYJ,2026-09-13T17:00:00Z,2026-09-04T04:12:47.250808+00:00,fanduel,-2.5,-102,2.5,-120,39.5,-110.0,-110.0
20260913_ATL_PIT,PIT,ATL,2026-09-13T17:00:00Z,2026-09-04T16:13:24.215145+00:00,fanduel,-3.0,-120,3.0,-102,41.5,-115.0,-105.0
20260913_WAS_PHI,PHI,WAS,2026-09-13T20:25:00Z,2026-09-04T16:13:24.215145+00:00,fanduel,-5.5,-105,5.5,-115,44.5,-112.0,-108.0
20260913_BUF_HOU,HOU,BUF,2026-09-13T17:00:00Z,2026-09-05T00:20:10.053067+00:00,fanduel,1.5,-122,-1.5,100,44.5,-110.0,-110.0
20260910_NE_SEA,SEA,NE,2026-09-10T00:20:00Z,2026-09-05T04:12:25.560263+00:00,fanduel,-3.5,-106,3.5,-114,44.5,-110.0,-110.0
20260913_ATL_PIT,PIT,ATL,2026-09-13T17:00:00Z,2026-09-05T04:12:25.560263+00:00,fanduel,-3.5,-104,3.5,-118,41.5,-115.0,-105.0
20260913_CHI_CAR,CAR,CHI,2026-09-13T17:00:00Z,2026-09-05T08:12:30.887111+00:00,fanduel,2.5,-102,-2.5,-120,47.5,-105.0,-115.0
20260914_DAL_NYG,NYG,DAL,2026-09-14T00:20:00Z,2026-09-05T20:11:59.428071+00:00,fanduel,2.5,-102,-2.5,-120,48.5,-112.0,-108.0
20260913_CHI_CAR,CAR,CHI,2026-09-13T17:00:00Z,2026-09-06T16:12:52.115721+00:00,fanduel,2.5,-102,-2.5,-120,47.5,-102.0,-120.0
20260913_ARI_LAC,LAC,ARI,2026-09-13T20:25:00Z,2026-09-06T20:12:17.428322+00:00,fanduel,-9.5,-115,9.5,-105,47.5,-102.0,-120.0
20260913_CHI_CAR,CAR,CHI,2026-09-13T17:00:00Z,2026-09-07T04:13:06.932857+00:00,fanduel,2.5,100,-2.5,-122,47.5,-102.0,-120.0
20260913_CLE_JAX,JAX,CLE,2026-09-13T17:00:00Z,2026-09-07T04:13:06.932857+00:00,fanduel,-7.5,-115,7.5,-105,40.5,-108.0,-112.0
20260910_NE_SEA,SEA,NE,2026-09-10T00:20:00Z,2026-09-07T08:14:32.273951+00:00,fanduel,-3.5,-108,3.5,-112,44.5,-110.0,-110.0
20260913_BUF_HOU,HOU,BUF,2026-09-13T17:00:00Z,2026-09-07T08:14:32.273951+00:00,fanduel,1.5,-120,-1.5,-102,44.5,-110.0,-110.0
20260913_NYJ_TEN,TEN,NYJ,2026-09-13T17:00:00Z,2026-09-07T08:14:32.273951+00:00,fanduel,-1.5,-112,1.5,-108,39.5,-110.0,-110.0
20260911_SF_LA,LA,SF,2026-09-11T00:35:00Z,2026-09-07T12:17:17.506845+00:00,fanduel,-3.5,-112,3.5,-108,48.5,-105.0,-115.0
20260913_BAL_IND,IND,BAL,2026-09-13T17:00:00Z,2026-09-07T12:17:17.506845+00:00,fanduel,3.5,-118,-3.5,-104,47.5,-112.0,-108.0
20260913_CLE_JAX,JAX,CLE,2026-09-13T17:00:00Z,2026-09-07T12:17:17.506845+00:00,fanduel,-8.5,-105,8.5,-115,40.5,-108.0,-112.0
20260915_DEN_KC,KC,DEN,2026-09-15T00:15:00Z,2026-09-07T12:17:17.506845+00:00,fanduel,-2.5,-115,2.5,-105,43.5,-110.0,-110.0
20260911_SF_LA,LA,SF,2026-09-11T00:35:00Z,2026-09-07T16:12:54.795707+00:00,fanduel,-3.5,-114,3.5,-106,48.5,-105.0,-115.0
20260913_NYJ_TEN,TEN,NYJ,2026-09-13T17:00:00Z,2026-09-07T16:12:54.795707+00:00,fanduel,-1.5,-110,1.5,-110,39.5,-110.0,-110.0
20260913_MIA_LV,LV,MIA,2026-09-13T20:25:00Z,2026-09-07T16:12:54.795707+00:00,fanduel,-3.5,-105,3.5,-115,40.5,-105.0,-115.0
20260914_DAL_NYG,NYG,DAL,2026-09-14T00:20:00Z,2026-09-07T20:13:11.544287+00:00,fanduel,2.5,-105,-2.5,-115,48.5,-105.0,-115.0
20260913_BUF_HOU,HOU,BUF,2026-09-13T17:00:00Z,2026-09-08T00:20:51.464947+00:00,fanduel,1.5,-114,-1.5,-106,44.5,-106.0,-114.0
20260913_CHI_CAR,CAR,CHI,2026-09-13T17:00:00Z,2026-09-08T04:13:05.070324+00:00,fanduel,2.5,102,-2.5,-124,47.5,-102.0,-120.0
20260910_NE_SEA,SEA,NE,2026-09-10T00:20:00Z,2026-09-08T08:14:36.587037+00:00,fanduel,-3.5,-105,3.5,-115,44.5,-110.0,-110.0
20260913_CHI_CAR,CAR,CHI,2026-09-13T17:00:00Z,2026-09-08T08:14:36.587037+00:00,fanduel,3.0,-118,-3.0,-104,47.5,-102.0,-120.0
20260913_CLE_JAX,JAX,CLE,2026-09-13T17:00:00Z,2026-09-08T08:14:36.587037+00:00,fanduel,-8.5,-108,8.5,-112,40.5,-108.0,-112.0
20260910_NE_SEA,SEA,NE,2026-09-10T00:20:00Z,2026-09-08T16:14:50.131486+00:00,fanduel,-3.5,-104,3.5,-118,44.5,-110.0,-110.0
20260913_BUF_HOU,HOU,BUF,2026-09-13T17:00:00Z,2026-09-08T16:14:50.131486+00:00,fanduel,1.5,-114,-1.5,-106,44.5,-112.0,-108.0
20260913_CHI_CAR,CAR,CHI,2026-09-13T17:00:00Z,2026-09-08T16:14:50.131486+00:00,fanduel,3.0,-114,-3.0,-106,47.5,-102.0,-120.0
20260913_BAL_IND,IND,BAL,2026-09-13T17:00:00Z,2026-09-08T20:13:00.744050+00:00,fanduel,3.5,-118,-3.5,-104,47.5,-115.0,-105.0
20260913_ARI_LAC,LAC,ARI,2026-09-13T20:25:00Z,2026-09-08T20:13:00.744050+00:00,fanduel,-9.5,-114,9.5,-106,47.5,-102.0,-120.0
20260913_MIA_LV,LV,MIA,2026-09-13T20:25:00Z,2026-09-08T20:13:00.744050+00:00,fanduel,-3.5,-105,3.5,-115,40.5,-118.0,-104.0
20260920_CAR_ATL,ATL,CAR,2026-09-20T17:00:00Z,2026-09-08T20:13:00.744050+00:00,fanduel,-1.5,-106,1.5,-114,43.5,-110.0,-110.0
20260920_NO_BAL,BAL,NO,2026-09-20T17:00:00Z,2026-09-08T20:13:00.744050+00:00,fanduel,-8.5,-104,8.5,-118,46.5,-118.0,-104.0
20260920_MIN_CHI,CHI,MIN,2026-09-20T17:00:00Z,2026-09-08T20:13:00.744050+00:00,fanduel,-3.0,-110,3.0,-110,46.5,-110.0,-110.0
20260920_CLE_TB,TB,CLE,2026-09-20T17:00:00Z,2026-09-08T20:13:00.744050+00:00,fanduel,-6.5,-115,6.5,-105,40.5,-105.0,-115.0
20260920_GB_NYJ,NYJ,GB,2026-09-20T17:00:00Z,2026-09-08T20:13:00.744050+00:00,fanduel,5.5,-110,-5.5,-110,42.5,-118.0,-104.0
20260920_PIT_NE,NE,PIT,2026-09-20T17:00:00Z,2026-09-08T20:13:00.744050+00:00,fanduel,-5.5,-110,5.5,-110,43.5,-105.0,-115.0
20260920_PHI_TEN,TEN,PHI,2026-09-20T17:00:00Z,2026-09-08T20:13:00.744050+00:00,fanduel,5.5,-110,-5.5,-110,41.5,-115.0,-105.0
20260920_JAX_DEN,DEN,JAX,2026-09-20T20:05:00Z,2026-09-08T20:13:00.744050+00:00,fanduel,-2.5,-114,2.5,-106,44.5,-118.0,-104.0
20260920_LV_LAC,LAC,LV,2026-09-20T20:05:00Z,2026-09-08T20:13:00.744050+00:00,fanduel,-8.5,-105,8.5,-115,42.5,-118.0,-104.0
20260920_SEA_ARI,ARI,SEA,2026-09-20T20:25:00Z,2026-09-08T20:13:00.744050+00:00,fanduel,9.5,-115,-9.5,-105,44.5,-102.0,-120.0
20260920_MIA_SF,SF,MIA,2026-09-20T20:25:00Z,2026-09-08T20:13:00.744050+00:00,fanduel,-12.5,-110,12.5,-110,45.5,-118.0,-104.0
20260921_IND_KC,KC,IND,2026-09-21T00:20:00Z,2026-09-08T20:13:00.744050+00:00,fanduel,-5.5,-110,5.5,-110,46.5,-110.0,-110.0
20260922_NYG_LA,LA,NYG,2026-09-22T00:15:00Z,2026-09-08T20:13:00.744050+00:00,fanduel,-9.5,-118,9.5,-104,47.5,-110.0,-110.0
20260911_SF_LA,LA,SF,2026-09-11T00:35:00Z,2026-09-09T00:21:13.678979+00:00,fanduel,-3.5,-120,3.5,-102,48.5,-105.0,-115.0
20260913_BUF_HOU,HOU,BUF,2026-09-13T17:00:00Z,2026-09-09T00:21:13.678979+00:00,fanduel,1.5,-114,-1.5,-106,44.5,-118.0,-104.0
20260913_ARI_LAC,LAC,ARI,2026-09-13T20:25:00Z,2026-09-09T00:21:13.678979+00:00,fanduel,-9.5,-114,9.5,-106,47.5,-104.0,-118.0
20260913_MIA_LV,LV,MIA,2026-09-13T20:25:00Z,2026-09-09T00:21:13.678979+00:00,fanduel,-3.5,-106,3.5,-114,40.5,-114.0,-106.0
20260915_DEN_KC,KC,DEN,2026-09-15T00:15:00Z,2026-09-09T00:21:13.678979+00:00,fanduel,-2.5,-115,2.5,-105,43.5,-108.0,-112.0
20260918_DET_BUF,BUF,DET,2026-09-18T00:15:00Z,2026-09-09T00:21:13.678979+00:00,fanduel,-3.5,-110,3.5,-110,52.5,-110.0,-110.0
20260920_WAS_DAL,DAL,WAS,2026-09-20T20:25:00Z,2026-09-09T00:21:13.678979+00:00,fanduel,-4.5,-115,4.5,-105,51.5,-115.0,-105.0
20260910_NE_SEA,SEA,NE,2026-09-10T00:20:00Z,2026-09-09T16:14:00.321387+00:00,fanduel,-3.5,-102,3.5,-120,44.5,-112.0,-108.0
20260913_NYJ_TEN,TEN,NYJ,2026-09-13T17:00:00Z,2026-09-09T16:14:00.321387+00:00,fanduel,-1.5,-110,1.5,-110,38.5,-110.0,-110.0
20260913_GB_MIN,MIN,GB,2026-09-13T20:25:00Z,2026-09-09T16:14:00.321387+00:00,fanduel,-1.5,-110,1.5,-110,46.5,-110.0,-110.0
20260910_NE_SEA,SEA,NE,2026-09-10T00:20:00Z,2026-09-09T20:13:00.288107+00:00,fanduel,-3.5,-102,3.5,-120,44.5,-108.0,-112.0
20260913_MIA_LV,LV,MIA,2026-09-13T20:25:00Z,2026-09-09T20:13:00.288107+00:00,fanduel,-3.0,-105,3.0,-115,39.5,-112.0,-108.0
20260920_LV_LAC,LAC,LV,2026-09-20T20:05:00Z,2026-09-09T20:13:00.288107+00:00,fanduel,-9.5,-110,9.5,-110,42.5,-105.0,-115.0
20260910_NE_SEA,SEA,NE,2026-09-10T00:25:00Z,2026-09-10T00:17:16.761356+00:00,fanduel,-3.5,100,3.5,-122,44.5,-108.0,-112.0
20260913_MIA_LV,LV,MIA,2026-09-13T20:25:00Z,2026-09-10T00:17:16.761356+00:00,fanduel,-3.0,-120,3.0,-102,39.5,-112.0,-108.0
20260920_LV_LAC,LAC,LV,2026-09-20T20:05:00Z,2026-09-10T00:17:16.761356+00:00,fanduel,-9.5,-106,9.5,-114,42.5,-105.0,-115.0
20260920_MIA_SF,SF,MIA,2026-09-20T20:25:00Z,2026-09-10T00:17:16.761356+00:00,fanduel,-11.5,-110,11.5,-110,45.5,-118.0,-104.0
20260911_SF_LA,LA,SF,2026-09-11T00:35:00Z,2026-09-10T16:13:18.443390+00:00,fanduel,-3.5,-112,3.5,-108,48.5,-105.0,-115.0
20260913_CLE_JAX,JAX,CLE,2026-09-13T17:00:00Z,2026-09-10T16:13:18.443390+00:00,fanduel,-8.5,-108,8.5,-112,40.5,-105.0,-115.0
20260913_ARI_LAC,LAC,ARI,2026-09-13T20:25:00Z,2026-09-10T16:13:18.443390+00:00,fanduel,-9.5,-105,9.5,-115,47.5,-104.0,-118.0
20260913_ATL_PIT,PIT,ATL,2026-09-13T17:00:00Z,2026-09-10T20:12:06.434777+00:00,fanduel,-4.5,-115,4.5,-105,41.5,-105.0,-115.0
20260913_WAS_PHI,PHI,WAS,2026-09-13T20:25:00Z,2026-09-10T20:12:06.434777+00:00,fanduel,-5.5,-110,5.5,-110,44.5,-110.0,-110.0
20260911_SF_LA,LA,SF,2026-09-11T00:35:00Z,2026-09-11T00:18:36.019092+00:00,fanduel,-3.5,-112,3.5,-108,47.5,-115.0,-105.0
20260913_BAL_IND,IND,BAL,2026-09-13T17:00:00Z,2026-09-11T08:14:01.130804+00:00,fanduel,3.5,-120,-3.5,-102,47.5,-115.0,-105.0
20260913_CHI_CAR,CAR,CHI,2026-09-13T17:00:00Z,2026-09-11T08:14:01.130804+00:00,fanduel,3.0,-105,-3.0,-115,47.5,-102.0,-120.0
20260913_CLE_JAX,JAX,CLE,2026-09-13T17:00:00Z,2026-09-11T08:14:01.130804+00:00,fanduel,-8.5,-112,8.5,-108,40.5,-104.0,-118.0
20260913_NYJ_TEN,TEN,NYJ,2026-09-13T17:00:00Z,2026-09-11T08:14:01.130804+00:00,fanduel,-1.5,-108,1.5,-112,38.5,-110.0,-110.0
20260913_MIA_LV,LV,MIA,2026-09-13T20:25:00Z,2026-09-11T08:14:01.130804+00:00,fanduel,-3.0,-120,3.0,-102,39.5,-115.0,-105.0
20260914_DAL_NYG,NYG,DAL,2026-09-14T00:20:00Z,2026-09-11T08:14:01.130804+00:00,fanduel,2.5,102,-2.5,-124,48.5,-105.0,-115.0
20260915_DEN_KC,KC,DEN,2026-09-15T00:15:00Z,2026-09-11T08:14:01.130804+00:00,fanduel,-2.5,-112,2.5,-108,43.5,-112.0,-108.0
20260913_WAS_PHI,PHI,WAS,2026-09-13T20:25:00Z,2026-09-11T16:13:32.765366+00:00,fanduel,-5.5,-110,5.5,-110,44.5,-105.0,-115.0
20260913_ATL_PIT,PIT,ATL,2026-09-13T17:00:00Z,2026-09-11T20:13:14.130724+00:00,fanduel,-5.5,-115,5.5,-105,40.5,-115.0,-105.0
20260920_CAR_ATL,ATL,CAR,2026-09-20T17:00:00Z,2026-09-11T20:13:14.130724+00:00,fanduel,-1.5,100,1.5,-122,42.5,-110.0,-110.0
20260913_BAL_IND,IND,BAL,2026-09-13T17:00:00Z,2026-09-12T08:12:49.464279+00:00,fanduel,3.5,-120,-3.5,-102,47.5,-114.0,-106.0
20260913_BUF_HOU,HOU,BUF,2026-09-13T17:00:00Z,2026-09-12T08:12:49.464279+00:00,fanduel,1.5,-115,-1.5,-105,44.5,-118.0,-104.0
20260913_CLE_JAX,JAX,CLE,2026-09-13T17:00:00Z,2026-09-12T08:12:49.464279+00:00,fanduel,-8.5,-112,8.5,-108,40.5,-102.0,-120.0
20260913_GB_MIN,MIN,GB,2026-09-13T20:25:00Z,2026-09-12T08:12:49.464279+00:00,fanduel,-1.5,-110,1.5,-110,46.5,-108.0,-112.0
20260913_MIA_LV,LV,MIA,2026-09-13T20:25:00Z,2026-09-12T08:12:49.464279+00:00,fanduel,-3.0,-112,3.0,-108,39.5,-118.0,-104.0
20260914_DAL_NYG,NYG,DAL,2026-09-14T00:20:00Z,2026-09-12T08:12:49.464279+00:00,fanduel,3.0,-112,-3.0,-108,48.5,-105.0,-115.0
20260915_DEN_KC,KC,DEN,2026-09-15T00:15:00Z,2026-09-12T08:12:49.464279+00:00,fanduel,-2.5,-110,2.5,-110,43.5,-112.0,-108.0
20260913_ATL_PIT,PIT,ATL,2026-09-13T17:00:00Z,2026-09-12T12:15:11.476132+00:00,fanduel,-5.5,-118,5.5,-104,40.5,-118.0,-104.0
20260913_BUF_HOU,HOU,BUF,2026-09-13T17:00:00Z,2026-09-12T16:12:36.159427+00:00,fanduel,1.5,-115,-1.5,-105,44.5,-110.0,-110.0
20260913_TB_CIN,CIN,TB,2026-09-13T17:00:00Z,2026-09-12T16:12:36.159427+00:00,fanduel,-3.5,-118,3.5,-104,50.5,-112.0,-108.0
20260920_MIN_CHI,CHI,MIN,2026-09-20T17:00:00Z,2026-09-12T16:12:36.159427+00:00,fanduel,-3.0,-105,3.0,-115,46.5,-110.0,-110.0
20260920_CLE_TB,TB,CLE,2026-09-20T17:00:00Z,2026-09-12T16:12:36.159427+00:00,fanduel,-6.5,-120,6.5,-102,40.5,-105.0,-115.0
20260920_JAX_DEN,DEN,JAX,2026-09-20T20:05:00Z,2026-09-12T16:12:36.159427+00:00,fanduel,-3.0,-110,3.0,-110,44.5,-118.0,-104.0
20260913_TB_CIN,CIN,TB,2026-09-13T17:00:00Z,2026-09-13T08:13:16.285060+00:00,fanduel,-3.5,-118,3.5,-104,50.5,-110.0,-110.0
20260913_ATL_PIT,PIT,ATL,2026-09-13T17:00:00Z,2026-09-13T12:15:30.508928+00:00,fanduel,-6.5,-105,6.5,-115,40.5,-118.0,-104.0
20260913_CHI_CAR,CAR,CHI,2026-09-13T17:00:00Z,2026-09-13T12:15:30.508928+00:00,fanduel,3.0,-105,-3.0,-115,46.5,-120.0,-102.0
20260913_NYJ_TEN,TEN,NYJ,2026-09-13T17:00:00Z,2026-09-13T12:15:30.508928+00:00,fanduel,-1.5,-105,1.5,-115,38.5,-115.0,-105.0
20260913_ARI_LAC,LAC,ARI,2026-09-13T20:25:00Z,2026-09-13T12:15:30.508928+00:00,fanduel,-8.5,-115,8.5,-105,47.5,-104.0,-118.0
20260913_WAS_PHI,PHI,WAS,2026-09-13T20:25:00Z,2026-09-13T12:15:30.508928+00:00,fanduel,-5.5,-112,5.5,-108,44.5,-105.0,-115.0
20260913_ATL_PIT,PIT,ATL,2026-09-13T17:00:00Z,2026-09-13T16:13:02.321711+00:00,fanduel,-6.5,-110,6.5,-110,40.5,-112.0,-108.0
20260913_BAL_IND,IND,BAL,2026-09-13T17:00:00Z,2026-09-13T16:13:02.321711+00:00,fanduel,3.0,-110,-3.0,-110,48.5,-102.0,-120.0
20260913_CHI_CAR,CAR,CHI,2026-09-13T17:00:00Z,2026-09-13T16:13:02.321711+00:00,fanduel,3.0,-115,-3.0,-105,46.5,-120.0,-102.0
20260913_TB_CIN,CIN,TB,2026-09-13T17:00:00Z,2026-09-13T16:13:02.321711+00:00,fanduel,-3.5,-112,3.5,-108,50.5,-110.0,-110.0
20260913_GB_MIN,MIN,GB,2026-09-13T20:25:00Z,2026-09-13T16:13:02.321711+00:00,fanduel,-1.5,-118,1.5,-104,46.5,-104.0,-118.0
20260913_MIA_LV,LV,MIA,2026-09-13T20:25:00Z,2026-09-13T16:13:02.321711+00:00,fanduel,-3.0,-112,3.0,-108,40.5,-105.0,-115.0
20260913_WAS_PHI,PHI,WAS,2026-09-13T20:25:00Z,2026-09-13T16:13:02.321711+00:00,fanduel,-5.5,-115,5.5,-105,44.5,-105.0,-115.0
20260914_DAL_NYG,NYG,DAL,2026-09-14T00:20:00Z,2026-09-13T16:13:02.321711+00:00,fanduel,3.0,-108,-3.0,-112,47.5,-112.0,-108.0
20260915_DEN_KC,KC,DEN,2026-09-15T00:15:00Z,2026-09-13T16:13:02.321711+00:00,fanduel,-2.5,-105,2.5,-115,43.5,-112.0,-108.0
20260913_TB_CIN,CIN,TB,2026-09-13T17:03:58Z,2026-09-13T20:12:13.857648+00:00,fanduel,-6.5,220,6.5,-310,,,
20260913_ATL_PIT,PIT,ATL,2026-09-13T17:04:05Z,2026-09-13T20:12:13.857648+00:00,fanduel,-7.5,1200,7.5,-5000,,,
20260913_CHI_CAR,CAR,CHI,2026-09-13T17:04:51Z,2026-09-13T20:12:13.857648+00:00,fanduel,20.5,-108,-20.5,-122,89.5,-132.0,100.0
20260913_BAL_IND,IND,BAL,2026-09-13T17:05:06Z,2026-09-13T20:12:13.857648+00:00,fanduel,18.5,-4500,-18.5,1100,,,
20260913_GB_MIN,MIN,GB,2026-09-13T20:25:00Z,2026-09-13T20:12:13.857648+00:00,fanduel,-1.5,-118,1.5,-104,45.5,-114.0,-106.0
20260913_WAS_PHI,PHI,WAS,2026-09-13T20:25:00Z,2026-09-13T20:12:13.857648+00:00,fanduel,-5.5,-114,5.5,-106,44.5,-105.0,-115.0
20260914_DAL_NYG,NYG,DAL,2026-09-14T00:25:00Z,2026-09-14T00:18:56.566998+00:00,fanduel,3.0,-105,-3.0,-115,47.5,-112.0,-108.0
20260918_DET_BUF,BUF,DET,2026-09-18T00:15:00Z,2026-09-14T00:18:56.566998+00:00,fanduel,-3.5,-110,3.5,-110,52.5,-118.0,-104.0
20260920_CAR_ATL,ATL,CAR,2026-09-20T17:00:00Z,2026-09-14T00:18:56.566998+00:00,fanduel,-1.5,-105,1.5,-115,43.5,-115.0,-105.0
20260920_NO_BAL,BAL,NO,2026-09-20T17:00:00Z,2026-09-14T00:18:56.566998+00:00,fanduel,-8.5,-105,8.5,-115,48.5,-104.0,-118.0
20260920_MIN_CHI,CHI,MIN,2026-09-20T17:00:00Z,2026-09-14T00:18:56.566998+00:00,fanduel,-5.5,-105,5.5,-115,48.5,-105.0,-115.0
20260920_CIN_HOU,HOU,CIN,2026-09-20T17:00:00Z,2026-09-14T00:18:56.566998+00:00,fanduel,-2.5,-118,2.5,-104,47.5,-110.0,-110.0
20260920_CLE_TB,TB,CLE,2026-09-20T17:00:00Z,2026-09-14T00:18:56.566998+00:00,fanduel,-7.5,-118,7.5,-104,40.5,-105.0,-115.0
20260920_GB_NYJ,NYJ,GB,2026-09-20T17:00:00Z,2026-09-14T00:18:56.566998+00:00,fanduel,4.5,-104,-4.5,-118,43.5,-105.0,-115.0
20260920_PIT_NE,NE,PIT,2026-09-20T17:00:00Z,2026-09-14T00:18:56.566998+00:00,fanduel,-4.5,-118,4.5,-104,43.5,-104.0,-118.0
20260920_PHI_TEN,TEN,PHI,2026-09-20T17:00:00Z,2026-09-14T00:18:56.566998+00:00,fanduel,7.0,-110,-7.0,-110,40.5,-104.0,-118.0
20260920_JAX_DEN,DEN,JAX,2026-09-20T20:05:00Z,2026-09-14T00:18:56.566998+00:00,fanduel,-2.5,-115,2.5,-105,44.5,-110.0,-110.0
20260920_LV_LAC,LAC,LV,2026-09-20T20:05:00Z,2026-09-14T00:18:56.566998+00:00,fanduel,-7.5,-104,7.5,-118,44.5,-105.0,-115.0
20260920_SEA_ARI,ARI,SEA,2026-09-20T20:25:00Z,2026-09-14T00:18:56.566998+00:00,fanduel,6.5,-115,-6.5,-105,43.5,-104.0,-118.0
20260920_WAS_DAL,DAL,WAS,2026-09-20T20:25:00Z,2026-09-14T00:18:56.566998+00:00,fanduel,-4.5,-115,4.5,-105,49.5,-118.0,-104.0
20260920_MIA_SF,SF,MIA,2026-09-20T20:25:00Z,2026-09-14T00:18:56.566998+00:00,fanduel,-13.5,-104,13.5,-118,45.5,-115.0,-105.0
20260921_IND_KC,KC,IND,2026-09-21T00:20:00Z,2026-09-14T00:18:56.566998+00:00,fanduel,-6.5,-104,6.5,-118,47.5,-118.0,-104.0
20260922_NYG_LA,LA,NYG,2026-09-22T00:15:00Z,2026-09-14T00:18:56.566998+00:00,fanduel,-8.5,-110,8.5,-110,48.5,-110.0,-110.0
20260920_MIN_CHI,CHI,MIN,2026-09-20T17:00:00Z,2026-09-14T04:13:49.400934+00:00,fanduel,-5.5,-105,5.5,-115,48.5,-115.0,-105.0
20260920_GB_NYJ,NYJ,GB,2026-09-20T17:00:00Z,2026-09-14T04:13:49.400934+00:00,fanduel,4.5,-105,-4.5,-115,44.5,-115.0,-105.0
20260920_PIT_NE,NE,PIT,2026-09-20T17:00:00Z,2026-09-14T04:13:49.400934+00:00,fanduel,-4.5,-118,4.5,-104,42.5,-118.0,-104.0
20260920_LV_LAC,LAC,LV,2026-09-20T20:05:00Z,2026-09-14T04:13:49.400934+00:00,fanduel,-7.0,-110,7.0,-110,44.5,-105.0,-115.0
20260920_SEA_ARI,ARI,SEA,2026-09-20T20:25:00Z,2026-09-14T04:13:49.400934+00:00,fanduel,4.5,-105,-4.5,-115,41.5,-110.0,-110.0
20260920_CAR_ATL,ATL,CAR,2026-09-20T17:00:00Z,2026-09-14T08:14:44.565325+00:00,fanduel,-1.5,100,1.5,-122,43.5,-115.0,-105.0
20260920_CIN_HOU,HOU,CIN,2026-09-20T17:00:00Z,2026-09-14T08:14:44.565325+00:00,fanduel,-3.0,-105,3.0,-115,47.5,-102.0,-120.0
20260920_CLE_TB,TB,CLE,2026-09-20T17:00:00Z,2026-09-14T08:14:44.565325+00:00,fanduel,-7.5,-118,7.5,-104,40.5,-115.0,-105.0
20260920_GB_NYJ,NYJ,GB,2026-09-20T17:00:00Z,2026-09-14T08:14:44.565325+00:00,fanduel,4.5,-114,-4.5,-106,44.5,-110.0,-110.0
20260920_PIT_NE,NE,PIT,2026-09-20T17:00:00Z,2026-09-14T08:14:44.565325+00:00,fanduel,-4.5,-118,4.5,-104,42.5,-106.0,-114.0
20260920_SEA_ARI,ARI,SEA,2026-09-20T20:25:00Z,2026-09-14T08:14:44.565325+00:00,fanduel,4.5,-105,-4.5,-115,41.5,-105.0,-115.0
20260920_WAS_DAL,DAL,WAS,2026-09-20T20:25:00Z,2026-09-14T08:14:44.565325+00:00,fanduel,-3.5,-110,3.5,-110,49.5,-118.0,-104.0
20260922_NYG_LA,LA,NYG,2026-09-22T00:15:00Z,2026-09-14T08:14:44.565325+00:00,fanduel,-7.5,-105,7.5,-115,48.5,-106.0,-114.0
20260920_CAR_ATL,ATL,CAR,2026-09-20T17:00:00Z,2026-09-14T12:17:58.426308+00:00,fanduel,1.5,-112,-1.5,-108,43.5,-115.0,-105.0
20260922_NYG_LA,LA,NYG,2026-09-22T00:15:00Z,2026-09-14T12:17:58.426308+00:00,fanduel,-7.5,-102,7.5,-120,48.5,-106.0,-114.0
20260915_DEN_KC,KC,DEN,2026-09-15T00:15:00Z,2026-09-14T16:13:15.870327+00:00,fanduel,-2.5,-102,2.5,-120,43.5,-108.0,-112.0
20260918_DET_BUF,BUF,DET,2026-09-18T00:15:00Z,2026-09-14T16:13:15.870327+00:00,fanduel,-4.5,-105,4.5,-115,53.5,-115.0,-105.0
20260920_CAR_ATL,ATL,CAR,2026-09-20T17:00:00Z,2026-09-14T16:13:15.870327+00:00,fanduel,1.5,-112,-1.5,-108,44.5,-105.0,-115.0
20260920_NO_BAL,BAL,NO,2026-09-20T17:00:00Z,2026-09-14T16:13:15.870327+00:00,fanduel,-8.5,-105,8.5,-115,47.5,-105.0,-115.0
20260920_MIN_CHI,CHI,MIN,2026-09-20T17:00:00Z,2026-09-14T16:13:15.870327+00:00,fanduel,-5.5,-108,5.5,-112,49.5,-106.0,-114.0
20260920_CIN_HOU,HOU,CIN,2026-09-20T17:00:00Z,2026-09-14T16:13:15.870327+00:00,fanduel,-2.5,-120,2.5,-102,46.5,-115.0,-105.0
20260920_CLE_TB,TB,CLE,2026-09-20T17:00:00Z,2026-09-14T16:13:15.870327+00:00,fanduel,-7.5,-118,7.5,-104,40.5,-114.0,-106.0
20260920_GB_NYJ,NYJ,GB,2026-09-20T17:00:00Z,2026-09-14T16:13:15.870327+00:00,fanduel,4.5,-120,-4.5,-102,44.5,-110.0,-110.0
20260920_PIT_NE,NE,PIT,2026-09-20T17:00:00Z,2026-09-14T16:13:15.870327+00:00,fanduel,-4.5,-118,4.5,-104,42.5,-105.0,-115.0
20260920_PHI_TEN,TEN,PHI,2026-09-20T17:00:00Z,2026-09-14T16:13:15.870327+00:00,fanduel,7.0,-110,-7.0,-110,39.5,-112.0,-108.0
20260920_LV_LAC,LAC,LV,2026-09-20T20:05:00Z,2026-09-14T16:13:15.870327+00:00,fanduel,-7.0,-112,7.0,-108,43.5,-115.0,-105.0
20260920_WAS_DAL,DAL,WAS,2026-09-20T20:25:00Z,2026-09-14T16:13:15.870327+00:00,fanduel,-3.5,-115,3.5,-105,50.5,-115.0,-105.0
20260915_DEN_KC,KC,DEN,2026-09-15T00:15:00Z,2026-09-14T20:13:49.520631+00:00,fanduel,-2.5,-105,2.5,-115,43.5,-102.0,-120.0
20260920_CIN_HOU,HOU,CIN,2026-09-20T17:00:00Z,2026-09-14T20:13:49.520631+00:00,fanduel,-3.0,-102,3.0,-120,46.5,-115.0,-105.0
20260920_CLE_TB,TB,CLE,2026-09-20T17:00:00Z,2026-09-14T20:13:49.520631+00:00,fanduel,-8.5,-104,8.5,-118,40.5,-110.0,-110.0
20260920_LV_LAC,LAC,LV,2026-09-20T20:05:00Z,2026-09-14T20:13:49.520631+00:00,fanduel,-7.0,-112,7.0,-108,43.5,-110.0,-110.0
20260915_DEN_KC,KC,DEN,2026-09-15T00:16:13Z,2026-09-15T00:19:10.399523+00:00,fanduel,-2.5,-122,2.5,-108,42.5,-102.0,-130.0
20260920_GB_NYJ,NYJ,GB,2026-09-20T17:00:00Z,2026-09-15T00:19:10.399523+00:00,fanduel,3.5,-105,-3.5,-115,44.5,-110.0,-110.0
20260918_DET_BUF,BUF,DET,2026-09-18T00:15:00Z,2026-09-15T04:14:12.578614+00:00,fanduel,-4.5,-106,4.5,-114,53.5,-115.0,-105.0
20260920_CAR_ATL,ATL,CAR,2026-09-20T17:00:00Z,2026-09-15T04:14:12.578614+00:00,fanduel,1.5,-118,-1.5,-104,44.5,-105.0,-115.0
20260920_JAX_DEN,DEN,JAX,2026-09-20T20:05:00Z,2026-09-15T04:14:12.578614+00:00,fanduel,-2.5,-108,2.5,-112,44.5,-110.0,-110.0
20260921_IND_KC,KC,IND,2026-09-21T00:20:00Z,2026-09-15T04:14:12.578614+00:00,fanduel,-6.5,-115,6.5,-105,48.5,-105.0,-115.0
20260918_DET_BUF,BUF,DET,2026-09-18T00:15:00Z,2026-09-15T12:16:14.961061+00:00,fanduel,-4.5,-110,4.5,-110,53.5,-115.0,-105.0
20260920_CAR_ATL,ATL,CAR,2026-09-20T17:00:00Z,2026-09-15T12:16:14.961061+00:00,fanduel,1.5,-118,-1.5,-104,43.5,-115.0,-105.0
20260920_CLE_TB,TB,CLE,2026-09-20T17:00:00Z,2026-09-15T12:16:14.961061+00:00,fanduel,-8.5,-104,8.5,-118,40.5,-112.0,-108.0
20260920_GB_NYJ,NYJ,GB,2026-09-20T17:00:00Z,2026-09-15T12:16:14.961061+00:00,fanduel,3.5,-104,-3.5,-118,44.5,-110.0,-110.0
20260920_PIT_NE,NE,PIT,2026-09-20T17:00:00Z,2026-09-15T12:16:14.961061+00:00,fanduel,-4.5,-120,4.5,-102,42.5,-105.0,-115.0
20260921_IND_KC,KC,IND,2026-09-21T00:20:00Z,2026-09-15T12:16:14.961061+00:00,fanduel,-6.5,-115,6.5,-105,47.5,-105.0,-115.0
20260922_NYG_LA,LA,NYG,2026-09-22T00:15:00Z,2026-09-15T12:16:14.961061+00:00,fanduel,-7.5,-102,7.5,-120,48.5,-102.0,-120.0
20260918_DET_BUF,BUF,DET,2026-09-18T00:15:00Z,2026-09-15T16:13:17.363655+00:00,fanduel,-4.5,-112,4.5,-108,53.5,-115.0,-105.0
20260920_CAR_ATL,ATL,CAR,2026-09-20T17:00:00Z,2026-09-15T16:13:17.363655+00:00,fanduel,2.5,-114,-2.5,-106,43.5,-115.0,-105.0
20260920_MIN_CHI,CHI,MIN,2026-09-20T17:00:00Z,2026-09-15T16:13:17.363655+00:00,fanduel,-5.5,-108,5.5,-112,48.5,-105.0,-115.0
20260920_GB_NYJ,NYJ,GB,2026-09-20T17:00:00Z,2026-09-15T16:13:17.363655+00:00,fanduel,3.5,-102,-3.5,-120,44.5,-115.0,-105.0
20260920_PIT_NE,NE,PIT,2026-09-20T17:00:00Z,2026-09-15T16:13:17.363655+00:00,fanduel,-4.5,-120,4.5,-102,42.5,-102.0,-120.0
20260920_JAX_DEN,DEN,JAX,2026-09-20T20:05:00Z,2026-09-15T16:13:17.363655+00:00,fanduel,-2.5,-115,2.5,-105,44.5,-110.0,-110.0
20260920_SEA_ARI,ARI,SEA,2026-09-20T20:25:00Z,2026-09-15T16:13:17.363655+00:00,fanduel,4.5,-112,-4.5,-108,41.5,-105.0,-115.0
20260920_CAR_ATL,ATL,CAR,2026-09-20T17:00:00Z,2026-09-15T20:13:09.675073+00:00,fanduel,2.5,-110,-2.5,-110,43.5,-105.0,-115.0
20260920_NO_BAL,BAL,NO,2026-09-20T17:00:00Z,2026-09-15T20:13:09.675073+00:00,fanduel,-8.5,-105,8.5,-115,46.5,-115.0,-105.0
20260920_CLE_TB,TB,CLE,2026-09-20T17:00:00Z,2026-09-15T20:13:09.675073+00:00,fanduel,-8.5,-104,8.5,-118,41.5,-105.0,-115.0
20260920_PHI_TEN,TEN,PHI,2026-09-20T17:00:00Z,2026-09-15T20:13:09.675073+00:00,fanduel,7.0,-110,-7.0,-110,39.5,-105.0,-115.0
20260920_JAX_DEN,DEN,JAX,2026-09-20T20:05:00Z,2026-09-15T20:13:09.675073+00:00,fanduel,-2.5,-120,2.5,-102,45.5,-105.0,-115.0
20260920_SEA_ARI,ARI,SEA,2026-09-20T20:25:00Z,2026-09-15T20:13:09.675073+00:00,fanduel,4.5,-115,-4.5,-105,41.5,-105.0,-115.0
20260925_ATL_GB,GB,ATL,2026-09-25T00:15:00Z,2026-09-15T20:13:09.675073+00:00,fanduel,-5.5,-120,5.5,-102,45.5,-115.0,-105.0
20260927_LAC_BUF,BUF,LAC,2026-09-27T17:00:00Z,2026-09-15T20:13:09.675073+00:00,fanduel,-3.5,-120,3.5,-102,50.5,-115.0,-105.0
20260927_CAR_CLE,CLE,CAR,2026-09-27T17:00:00Z,2026-09-15T20:13:09.675073+00:00,fanduel,3.0,-112,-3.0,-108,39.5,-105.0,-115.0
20260927_CIN_PIT,PIT,CIN,2026-09-27T17:00:00Z,2026-09-15T20:13:09.675073+00:00,fanduel,2.5,-114,-2.5,-106,46.5,-105.0,-115.0
20260927_NYJ_DET,DET,NYJ,2026-09-27T17:00:00Z,2026-09-15T20:13:09.675073+00:00,fanduel,-7.5,-110,7.5,-110,47.5,-105.0,-115.0
20260927_HOU_IND,IND,HOU,2026-09-27T17:00:00Z,2026-09-15T20:13:09.675073+00:00,fanduel,2.5,-105,-2.5,-115,44.5,-110.0,-110.0
20260927_NE_JAX,JAX,NE,2026-09-27T17:00:00Z,2026-09-15T20:13:09.675073+00:00,fanduel,-1.5,-115,1.5,-105,46.5,-105.0,-115.0
20260927_KC_MIA,MIA,KC,2026-09-27T17:00:00Z,2026-09-15T20:13:09.675073+00:00,fanduel,8.5,-105,-8.5,-115,44.5,-110.0,-110.0
20260927_TEN_NYG,NYG,TEN,2026-09-27T17:00:00Z,2026-09-15T20:13:09.675073+00:00,fanduel,-5.5,-120,5.5,-102,42.5,-110.0,-110.0
20260927_SEA_WAS,WAS,SEA,2026-09-27T17:00:00Z,2026-09-15T20:13:09.675073+00:00,fanduel,1.5,-110,-1.5,-110,42.5,-105.0,-115.0
20260927_ARI_SF,SF,ARI,2026-09-27T20:05:00Z,2026-09-15T20:13:09.675073+00:00,fanduel,-8.5,-115,8.5,-105,48.5,-110.0,-110.0
20260927_MIN_TB,TB,MIN,2026-09-27T20:05:00Z,2026-09-15T20:13:09.675073+00:00,fanduel,-1.5,-105,1.5,-115,46.5,-110.0,-110.0
20260927_LV_NO,NO,LV,2026-09-27T20:25:00Z,2026-09-15T20:13:09.675073+00:00,fanduel,-3.0,-110,3.0,-110,44.5,-115.0,-105.0
20260928_LA_DEN,DEN,LA,2026-09-28T00:20:00Z,2026-09-15T20:13:09.675073+00:00,fanduel,1.5,-110,-1.5,-110,46.5,-105.0,-115.0
20260929_PHI_CHI,CHI,PHI,2026-09-29T00:15:00Z,2026-09-15T20:13:09.675073+00:00,fanduel,-1.5,-104,1.5,-118,48.5,-102.0,-120.0
20260920_NO_BAL,BAL,NO,2026-09-20T17:00:00Z,2026-09-16T00:17:06.579956+00:00,fanduel,-8.5,-105,8.5,-115,47.5,-106.0,-114.0
20260920_GB_NYJ,NYJ,GB,2026-09-20T17:00:00Z,2026-09-16T00:17:06.579956+00:00,fanduel,3.5,-105,-3.5,-115,44.5,-115.0,-105.0
20260920_LV_LAC,LAC,LV,2026-09-20T20:05:00Z,2026-09-16T00:17:06.579956+00:00,fanduel,-6.5,-115,6.5,-105,43.5,-110.0,-110.0
20260920_WAS_DAL,DAL,WAS,2026-09-20T20:25:00Z,2026-09-16T00:17:06.579956+00:00,fanduel,-3.5,-115,3.5,-105,50.5,-110.0,-110.0
20260921_IND_KC,KC,IND,2026-09-21T00:20:00Z,2026-09-16T00:17:06.579956+00:00,fanduel,-6.5,-115,6.5,-105,46.5,-110.0,-110.0
20260918_DET_BUF,BUF,DET,2026-09-18T00:15:00Z,2026-09-16T04:13:01.457194+00:00,fanduel,-4.5,-112,4.5,-108,54.5,-105.0,-115.0
20260920_CAR_ATL,ATL,CAR,2026-09-20T17:00:00Z,2026-09-16T04:13:01.457194+00:00,fanduel,2.5,-110,-2.5,-110,43.5,-110.0,-110.0
20260920_GB_NYJ,NYJ,GB,2026-09-20T17:00:00Z,2026-09-16T04:13:01.457194+00:00,fanduel,3.5,-108,-3.5,-112,44.5,-115.0,-105.0
20260918_DET_BUF,BUF,DET,2026-09-18T00:15:00Z,2026-09-16T12:16:42.669381+00:00,fanduel,-4.5,-115,4.5,-105,54.5,-114.0,-106.0
20260920_PIT_NE,NE,PIT,2026-09-20T17:00:00Z,2026-09-16T12:16:42.669381+00:00,fanduel,-4.5,-120,4.5,-102,41.5,-110.0,-110.0
20260920_MIA_SF,SF,MIA,2026-09-20T20:25:00Z,2026-09-16T12:16:42.669381+00:00,fanduel,-13.5,-104,13.5,-118,45.5,-110.0,-110.0
20260920_CAR_ATL,ATL,CAR,2026-09-20T17:00:00Z,2026-09-16T16:13:36.559295+00:00,fanduel,2.5,-112,-2.5,-108,43.5,-115.0,-105.0
20260920_NO_BAL,BAL,NO,2026-09-20T17:00:00Z,2026-09-16T16:13:36.559295+00:00,fanduel,-8.5,-105,8.5,-115,46.5,-115.0,-105.0
20260920_PHI_TEN,TEN,PHI,2026-09-20T17:00:00Z,2026-09-16T16:13:36.559295+00:00,fanduel,7.0,-110,-7.0,-110,39.5,-110.0,-110.0
20260920_SEA_ARI,ARI,SEA,2026-09-20T20:25:00Z,2026-09-16T16:13:36.559295+00:00,fanduel,4.5,-120,-4.5,-102,41.5,-102.0,-120.0
20260927_NYJ_DET,DET,NYJ,2026-09-27T17:00:00Z,2026-09-16T16:13:36.559295+00:00,fanduel,-7.5,-102,7.5,-120,47.5,-105.0,-115.0
20260928_LA_DEN,DEN,LA,2026-09-28T00:20:00Z,2026-09-16T16:13:36.559295+00:00,fanduel,2.5,-112,-2.5,-108,46.5,-105.0,-115.0
20260920_CAR_ATL,ATL,CAR,2026-09-20T17:00:00Z,2026-09-16T20:13:36.721913+00:00,fanduel,2.5,-115,-2.5,-105,43.5,-115.0,-105.0
20260920_MIN_CHI,CHI,MIN,2026-09-20T17:00:00Z,2026-09-16T20:13:36.721913+00:00,fanduel,-4.5,-110,4.5,-110,48.5,-105.0,-115.0
20260920_CIN_HOU,HOU,CIN,2026-09-20T17:00:00Z,2026-09-16T20:13:36.721913+00:00,fanduel,-2.5,-122,2.5,100,45.5,-115.0,-105.0
20260922_NYG_LA,LA,NYG,2026-09-22T00:15:00Z,2026-09-16T20:13:36.721913+00:00,fanduel,-7.5,-102,7.5,-120,47.5,-118.0,-104.0
20260927_LV_NO,NO,LV,2026-09-27T20:25:00Z,2026-09-16T20:13:36.721913+00:00,fanduel,-3.0,-115,3.0,-105,44.5,-115.0,-105.0
20260920_CIN_HOU,HOU,CIN,2026-09-20T17:00:00Z,2026-09-17T00:16:55.418609+00:00,fanduel,-2.5,-115,2.5,-105,45.5,-114.0,-106.0
20260920_CLE_TB,TB,CLE,2026-09-20T17:00:00Z,2026-09-17T00:16:55.418609+00:00,fanduel,-8.5,100,8.5,-122,41.5,-105.0,-115.0
20260927_BAL_DAL,DAL,BAL,2026-09-27T20:25:00Z,2026-09-17T00:16:55.418609+00:00,fanduel,3.5,-118,-3.5,-104,52.5,-105.0,-115.0
20260920_GB_NYJ,NYJ,GB,2026-09-20T17:00:00Z,2026-09-17T04:13:16.627321+00:00,fanduel,3.5,-115,-3.5,-105,44.5,-115.0,-105.0
20260918_DET_BUF,BUF,DET,2026-09-18T00:15:00Z,2026-09-17T12:16:22.838497+00:00,fanduel,-5.5,-105,5.5,-115,54.5,-114.0,-106.0
20260918_DET_BUF,BUF,DET,2026-09-18T00:15:00Z,2026-09-17T16:13:53.269770+00:00,fanduel,-5.5,-112,5.5,-108,54.5,-114.0,-106.0
20260920_CIN_HOU,HOU,CIN,2026-09-20T17:00:00Z,2026-09-17T16:13:53.269770+00:00,fanduel,-2.5,-108,2.5,-112,45.5,-114.0,-106.0
20260920_CLE_TB,TB,CLE,2026-09-20T17:00:00Z,2026-09-17T16:13:53.269770+00:00,fanduel,-8.5,100,8.5,-122,41.5,-102.0,-120.0
20260920_GB_NYJ,NYJ,GB,2026-09-20T17:00:00Z,2026-09-17T16:13:53.269770+00:00,fanduel,3.5,-106,-3.5,-114,44.5,-110.0,-110.0
20260920_WAS_DAL,DAL,WAS,2026-09-20T20:25:00Z,2026-09-17T16:13:53.269770+00:00,fanduel,-4.5,-102,4.5,-120,50.5,-110.0,-110.0
20260922_NYG_LA,LA,NYG,2026-09-22T00:15:00Z,2026-09-17T16:13:53.269770+00:00,fanduel,-7.5,-104,7.5,-118,47.5,-118.0,-104.0
20260920_CAR_ATL,ATL,CAR,2026-09-20T17:00:00Z,2026-09-17T20:13:19.569357+00:00,fanduel,2.5,-110,-2.5,-110,43.5,-115.0,-105.0
20260920_NO_BAL,BAL,NO,2026-09-20T17:00:00Z,2026-09-17T20:13:19.569357+00:00,fanduel,-8.5,-105,8.5,-115,46.5,-105.0,-115.0
20260920_MIN_CHI,CHI,MIN,2026-09-20T17:00:00Z,2026-09-17T20:13:19.569357+00:00,fanduel,-4.5,-110,4.5,-110,47.5,-120.0,-102.0
20260920_CIN_HOU,HOU,CIN,2026-09-20T17:00:00Z,2026-09-17T20:13:19.569357+00:00,fanduel,-2.5,-105,2.5,-115,45.5,-114.0,-106.0
20260920_MIA_SF,SF,MIA,2026-09-20T20:25:00Z,2026-09-17T20:13:19.569357+00:00,fanduel,-13.5,-105,13.5,-115,45.5,-108.0,-112.0
20260927_LAC_BUF,BUF,LAC,2026-09-27T17:00:00Z,2026-09-17T20:13:19.569357+00:00,fanduel,-4.5,-105,4.5,-115,50.5,-115.0,-105.0
20260918_DET_BUF,BUF,DET,2026-09-18T00:18:00Z,2026-09-18T00:17:36.793342+00:00,fanduel,-5.5,-105,5.5,-115,54.5,-115.0,-105.0
20260920_NO_BAL,BAL,NO,2026-09-20T17:00:00Z,2026-09-18T00:17:36.793342+00:00,fanduel,-8.5,-105,8.5,-115,46.5,-104.0,-118.0
20260920_CAR_ATL,ATL,CAR,2026-09-20T17:00:00Z,2026-09-18T04:13:02.431908+00:00,fanduel,2.5,-110,-2.5,-110,43.5,-118.0,-104.0
20260920_GB_NYJ,NYJ,GB,2026-09-20T17:00:00Z,2026-09-18T04:13:02.431908+00:00,fanduel,3.5,-108,-3.5,-112,44.5,-110.0,-110.0
20260920_MIA_SF,SF,MIA,2026-09-20T20:25:00Z,2026-09-18T04:13:02.431908+00:00,fanduel,-13.5,-105,13.5,-115,45.5,-106.0,-114.0
20260921_IND_KC,KC,IND,2026-09-21T00:20:00Z,2026-09-18T04:13:02.431908+00:00,fanduel,-6.5,-112,6.5,-108,46.5,-110.0,-110.0
20260920_CAR_ATL,ATL,CAR,2026-09-20T17:00:00Z,2026-09-18T16:12:01.800423+00:00,fanduel,2.5,-105,-2.5,-115,43.5,-118.0,-104.0
20260920_CAR_ATL,ATL,CAR,2026-09-20T17:00:00Z,2026-09-18T20:12:05.490595+00:00,fanduel,2.5,-105,-2.5,-115,43.5,-110.0,-110.0
20260920_MIN_CHI,CHI,MIN,2026-09-20T17:00:00Z,2026-09-18T20:12:05.490595+00:00,fanduel,-4.5,-110,4.5,-110,47.5,-115.0,-105.0
20260920_MIA_SF,SF,MIA,2026-09-20T20:25:00Z,2026-09-18T20:12:05.490595+00:00,fanduel,-13.5,-105,13.5,-115,45.5,-102.0,-120.0
20260920_MIN_CHI,CHI,MIN,2026-09-20T17:00:00Z,2026-09-19T16:12:23.900503+00:00,fanduel,-4.5,-110,4.5,-110,47.5,-120.0,-102.0
20260920_CIN_HOU,HOU,CIN,2026-09-20T17:00:00Z,2026-09-19T20:11:58.174808+00:00,fanduel,-2.5,-106,2.5,-114,45.5,-114.0,-106.0
20260921_IND_KC,KC,IND,2026-09-21T00:20:00Z,2026-09-19T20:11:58.174808+00:00,fanduel,-6.5,-105,6.5,-115,46.5,-110.0,-110.0
20260922_NYG_LA,LA,NYG,2026-09-22T00:15:00Z,2026-09-19T20:11:58.174808+00:00,fanduel,-7.5,100,7.5,-122,47.5,-115.0,-105.0
20260920_CIN_HOU,HOU,CIN,2026-09-20T17:00:00Z,2026-09-20T00:18:11.124319+00:00,fanduel,-2.5,-110,2.5,-110,45.5,-114.0,-106.0
20260920_WAS_DAL,DAL,WAS,2026-09-20T20:25:00Z,2026-09-20T00:18:11.124319+00:00,fanduel,-4.5,-102,4.5,-120,50.5,-114.0,-106.0
20260920_GB_NYJ,NYJ,GB,2026-09-20T17:00:00Z,2026-09-20T04:12:32.767999+00:00,fanduel,3.5,-118,-3.5,-104,44.5,-114.0,-106.0
20260920_CAR_ATL,ATL,CAR,2026-09-20T17:00:00Z,2026-09-20T08:12:52.549790+00:00,fanduel,2.5,-104,-2.5,-118,43.5,-110.0,-110.0
20260925_ATL_GB,GB,ATL,2026-09-25T00:15:00Z,2026-09-20T08:12:52.549790+00:00,fanduel,-6.5,-115,6.5,-105,45.5,-115.0,-105.0
20260920_MIN_CHI,CHI,MIN,2026-09-20T17:00:00Z,2026-09-20T12:15:13.304033+00:00,fanduel,-4.5,-110,4.5,-110,47.5,-110.0,-110.0
20260920_GB_NYJ,NYJ,GB,2026-09-20T17:00:00Z,2026-09-20T12:15:13.304033+00:00,fanduel,3.5,-112,-3.5,-108,44.5,-114.0,-106.0
20260920_PHI_TEN,TEN,PHI,2026-09-20T17:00:00Z,2026-09-20T12:15:13.304033+00:00,fanduel,7.0,-110,-7.0,-110,39.5,-112.0,-108.0
20260920_NO_BAL,BAL,NO,2026-09-20T17:00:00Z,2026-09-20T16:12:51.255681+00:00,fanduel,-8.5,-102,8.5,-120,45.5,-110.0,-110.0
20260920_MIN_CHI,CHI,MIN,2026-09-20T17:00:00Z,2026-09-20T16:12:51.255681+00:00,fanduel,-4.5,-110,4.5,-110,46.5,-118.0,-104.0
20260920_CIN_HOU,HOU,CIN,2026-09-20T17:00:00Z,2026-09-20T16:12:51.255681+00:00,fanduel,-2.5,-115,2.5,-105,45.5,-108.0,-112.0
20260920_CLE_TB,TB,CLE,2026-09-20T17:00:00Z,2026-09-20T16:12:51.255681+00:00,fanduel,-8.5,100,8.5,-122,41.5,-104.0,-118.0
20260920_GB_NYJ,NYJ,GB,2026-09-20T17:00:00Z,2026-09-20T16:12:51.255681+00:00,fanduel,3.5,-118,-3.5,-104,44.5,-105.0,-115.0
20260920_PIT_NE,NE,PIT,2026-09-20T17:00:00Z,2026-09-20T16:12:51.255681+00:00,fanduel,-4.5,-115,4.5,-105,41.5,-110.0,-110.0
20260920_PHI_TEN,TEN,PHI,2026-09-20T17:00:00Z,2026-09-20T16:12:51.255681+00:00,fanduel,7.0,-108,-7.0,-112,39.5,-112.0,-108.0
20260920_WAS_DAL,DAL,WAS,2026-09-20T20:25:00Z,2026-09-20T16:12:51.255681+00:00,fanduel,-4.5,-105,4.5,-115,50.5,-118.0,-104.0
20260921_IND_KC,KC,IND,2026-09-21T00:20:00Z,2026-09-20T16:12:51.255681+00:00,fanduel,-6.5,-102,6.5,-120,46.5,-110.0,-110.0
20260922_NYG_LA,LA,NYG,2026-09-22T00:15:00Z,2026-09-20T16:12:51.255681+00:00,fanduel,-6.5,-115,6.5,-105,47.5,-105.0,-115.0
20260920_CIN_HOU,HOU,CIN,2026-09-20T17:02:38Z,2026-09-20T20:11:47.090707+00:00,fanduel,13.5,700,-13.5,-1800,,,
20260920_CLE_TB,TB,CLE,2026-09-20T17:02:40Z,2026-09-20T20:11:47.090707+00:00,fanduel,-2.5,-118,2.5,-112,,,
20260920_CAR_ATL,ATL,CAR,2026-09-20T17:02:58Z,2026-09-20T20:11:47.090707+00:00,fanduel,30.5,920,-30.5,-3500,,,
20260920_GB_NYJ,NYJ,GB,2026-09-20T17:03:51Z,2026-09-20T20:11:47.090707+00:00,fanduel,-2.5,-146,2.5,110,37.5,158.0,-215.0
20260920_LV_LAC,LAC,LV,2026-09-20T20:05:18Z,2026-09-20T20:11:47.090707+00:00,fanduel,-6.5,-102,6.5,-130,43.5,100.0,-132.0
20260920_JAX_DEN,DEN,JAX,2026-09-20T20:05:33Z,2026-09-20T20:11:47.090707+00:00,fanduel,-1.5,-104,1.5,-128,43.5,-112.0,-118.0
20260920_SEA_ARI,ARI,SEA,2026-09-20T20:28:00Z,2026-09-20T20:11:47.090707+00:00,fanduel,4.5,-122,-4.5,100,41.5,-102.0,-120.0
20260920_WAS_DAL,DAL,WAS,2026-09-20T20:28:00Z,2026-09-20T20:11:47.090707+00:00,fanduel,-4.5,-106,4.5,-114,50.5,-118.0,-104.0
20260921_IND_KC,KC,IND,2026-09-21T00:20:00Z,2026-09-20T20:11:47.090707+00:00,fanduel,-6.5,-102,6.5,-120,45.5,-115.0,-105.0
20260922_NYG_LA,LA,NYG,2026-09-22T00:15:00Z,2026-09-20T20:11:47.090707+00:00,fanduel,-6.5,-120,6.5,-102,47.5,-105.0,-115.0
20260921_IND_KC,KC,IND,2026-09-21T00:22:00Z,2026-09-21T00:18:00.293143+00:00,fanduel,-6.5,100,6.5,-122,45.5,-115.0,-105.0
20260925_ATL_GB,GB,ATL,2026-09-25T00:15:00Z,2026-09-21T00:18:00.293143+00:00,fanduel,-6.5,-115,6.5,-105,44.5,-114.0,-106.0
20260927_LAC_BUF,BUF,LAC,2026-09-27T17:00:00Z,2026-09-21T00:18:00.293143+00:00,fanduel,-7.0,-115,7.0,-105,50.5,-105.0,-115.0
20260927_CAR_CLE,CLE,CAR,2026-09-27T17:00:00Z,2026-09-21T00:18:00.293143+00:00,fanduel,2.5,-105,-2.5,-115,40.5,-110.0,-110.0
20260927_CIN_PIT,PIT,CIN,2026-09-27T17:00:00Z,2026-09-21T00:18:00.293143+00:00,fanduel,3.5,-120,-3.5,-102,43.5,-118.0,-104.0
20260927_NYJ_DET,DET,NYJ,2026-09-27T17:00:00Z,2026-09-21T00:18:00.293143+00:00,fanduel,-6.5,-120,6.5,-102,47.5,-115.0,-105.0
20260927_HOU_IND,IND,HOU,2026-09-27T17:00:00Z,2026-09-21T00:18:00.293143+00:00,fanduel,1.5,-110,-1.5,-110,43.5,-115.0,-105.0
20260927_NE_JAX,JAX,NE,2026-09-27T17:00:00Z,2026-09-21T00:18:00.293143+00:00,fanduel,-2.5,-115,2.5,-105,44.5,-118.0,-104.0
20260927_KC_MIA,MIA,KC,2026-09-27T17:00:00Z,2026-09-21T00:18:00.293143+00:00,fanduel,10.5,-115,-10.5,-105,45.5,-115.0,-105.0
20260927_TEN_NYG,NYG,TEN,2026-09-27T17:00:00Z,2026-09-21T00:18:00.293143+00:00,fanduel,-6.5,-104,6.5,-118,42.5,-115.0,-105.0
20260927_SEA_WAS,WAS,SEA,2026-09-27T17:00:00Z,2026-09-21T00:18:00.293143+00:00,fanduel,6.5,-118,-6.5,-104,41.5,-110.0,-110.0
20260927_ARI_SF,SF,ARI,2026-09-27T20:05:00Z,2026-09-21T00:18:00.293143+00:00,fanduel,-8.5,-110,8.5,-110,47.5,-105.0,-115.0
20260927_MIN_TB,TB,MIN,2026-09-27T20:05:00Z,2026-09-21T00:18:00.293143+00:00,fanduel,2.5,-115,-2.5,-105,44.5,-105.0,-115.0
20260927_BAL_DAL,DAL,BAL,2026-09-27T20:25:00Z,2026-09-21T00:18:00.293143+00:00,fanduel,3.0,-118,-3.0,-104,51.5,-118.0,-104.0
20260927_LV_NO,NO,LV,2026-09-27T20:25:00Z,2026-09-21T00:18:00.293143+00:00,fanduel,-3.0,-115,3.0,-105,43.5,-118.0,-104.0
20260928_LA_DEN,DEN,LA,2026-09-28T00:20:00Z,2026-09-21T00:18:00.293143+00:00,fanduel,2.5,-110,-2.5,-110,44.5,-118.0,-104.0
20260929_PHI_CHI,CHI,PHI,2026-09-29T00:15:00Z,2026-09-21T00:18:00.293143+00:00,fanduel,3.5,-104,-3.5,-118,43.5,-110.0,-110.0
20260925_ATL_GB,GB,ATL,2026-09-25T00:15:00Z,2026-09-21T04:13:04.730270+00:00,fanduel,-6.5,-122,6.5,100,44.5,-110.0,-110.0
20260927_LAC_BUF,BUF,LAC,2026-09-27T17:00:00Z,2026-09-21T04:13:04.730270+00:00,fanduel,-7.0,-112,7.0,-108,50.5,-105.0,-115.0
20260927_CAR_CLE,CLE,CAR,2026-09-27T17:00:00Z,2026-09-21T04:13:04.730270+00:00,fanduel,2.5,-105,-2.5,-115,40.5,-114.0,-106.0
20260927_ARI_SF,SF,ARI,2026-09-27T20:05:00Z,2026-09-21T04:13:04.730270+00:00,fanduel,-8.5,-105,8.5,-115,47.5,-115.0,-105.0
20260927_MIN_TB,TB,MIN,2026-09-27T20:05:00Z,2026-09-21T04:13:04.730270+00:00,fanduel,2.5,-115,-2.5,-105,43.5,-110.0,-110.0
20260929_PHI_CHI,CHI,PHI,2026-09-29T00:15:00Z,2026-09-21T04:13:04.730270+00:00,fanduel,3.5,-108,-3.5,-112,43.5,-110.0,-110.0
20260927_CAR_CLE,CLE,CAR,2026-09-27T17:00:00Z,2026-09-21T08:14:33.532358+00:00,fanduel,2.5,-105,-2.5,-115,40.5,-118.0,-104.0
20260927_CIN_PIT,PIT,CIN,2026-09-27T17:00:00Z,2026-09-21T08:14:33.532358+00:00,fanduel,3.5,-120,-3.5,-102,42.5,-110.0,-110.0
20260927_HOU_IND,IND,HOU,2026-09-27T17:00:00Z,2026-09-21T08:14:33.532358+00:00,fanduel,2.5,-104,-2.5,-118,44.5,-115.0,-105.0
20260927_KC_MIA,MIA,KC,2026-09-27T17:00:00Z,2026-09-21T08:14:33.532358+00:00,fanduel,10.5,-110,-10.5,-110,45.5,-115.0,-105.0
20260927_SEA_WAS,WAS,SEA,2026-09-27T17:00:00Z,2026-09-21T08:14:33.532358+00:00,fanduel,6.5,-114,-6.5,-106,40.5,-110.0,-110.0
20260927_BAL_DAL,DAL,BAL,2026-09-27T20:25:00Z,2026-09-21T08:14:33.532358+00:00,fanduel,3.0,-118,-3.0,-104,52.5,-105.0,-115.0
20260925_ATL_GB,GB,ATL,2026-09-25T00:15:00Z,2026-09-21T16:13:30.174524+00:00,fanduel,-6.5,-122,6.5,100,44.5,-105.0,-115.0
20260927_CAR_CLE,CLE,CAR,2026-09-27T17:00:00Z,2026-09-21T16:13:30.174524+00:00,fanduel,2.5,-105,-2.5,-115,41.5,-115.0,-105.0
20260927_CIN_PIT,PIT,CIN,2026-09-27T17:00:00Z,2026-09-21T16:13:30.174524+00:00,fanduel,3.5,-115,-3.5,-105,42.5,-110.0,-110.0
20260927_HOU_IND,IND,HOU,2026-09-27T17:00:00Z,2026-09-21T16:13:30.174524+00:00,fanduel,2.5,100,-2.5,-122,44.5,-105.0,-115.0
20260927_NE_JAX,JAX,NE,2026-09-27T17:00:00Z,2026-09-21T16:13:30.174524+00:00,fanduel,-2.5,-122,2.5,100,44.5,-118.0,-104.0
20260927_SEA_WAS,WAS,SEA,2026-09-27T17:00:00Z,2026-09-21T16:13:30.174524+00:00,fanduel,6.5,-114,-6.5,-106,40.5,-105.0,-115.0
20260927_MIN_TB,TB,MIN,2026-09-27T20:05:00Z,2026-09-21T16:13:30.174524+00:00,fanduel,2.5,-115,-2.5,-105,43.5,-105.0,-115.0
20260929_PHI_CHI,CHI,PHI,2026-09-29T00:15:00Z,2026-09-21T16:13:30.174524+00:00,fanduel,3.5,-120,-3.5,-102,43.5,-115.0,-105.0
